--
-- PostgreSQL database dump
--

-- Dumped from database version 14.8 (Ubuntu 14.8-0ubuntu0.22.04.1)
-- Dumped by pg_dump version 14.8 (Ubuntu 14.8-0ubuntu0.22.04.1)

SET statement_timeout = 0;
SET lock_timeout = 0;
SET idle_in_transaction_session_timeout = 0;
SET client_encoding = 'UTF8';
SET standard_conforming_strings = on;
SELECT pg_catalog.set_config('search_path', '', false);
SET check_function_bodies = false;
SET xmloption = content;
SET client_min_messages = warning;
SET row_security = off;

SET default_tablespace = '';

SET default_table_access_method = heap;

--
-- Name: admin_interface_theme; Type: TABLE; Schema: public; Owner: deploy
--

CREATE TABLE public.admin_interface_theme (
    id integer NOT NULL,
    name character varying(50) NOT NULL,
    active boolean NOT NULL,
    title character varying(50) NOT NULL,
    title_visible boolean NOT NULL,
    logo character varying(100) NOT NULL,
    logo_visible boolean NOT NULL,
    css_header_background_color character varying(10) NOT NULL,
    title_color character varying(10) NOT NULL,
    css_header_text_color character varying(10) NOT NULL,
    css_header_link_color character varying(10) NOT NULL,
    css_header_link_hover_color character varying(10) NOT NULL,
    css_module_background_color character varying(10) NOT NULL,
    css_module_text_color character varying(10) NOT NULL,
    css_module_link_color character varying(10) NOT NULL,
    css_module_link_hover_color character varying(10) NOT NULL,
    css_module_rounded_corners boolean NOT NULL,
    css_generic_link_color character varying(10) NOT NULL,
    css_generic_link_hover_color character varying(10) NOT NULL,
    css_save_button_background_color character varying(10) NOT NULL,
    css_save_button_background_hover_color character varying(10) NOT NULL,
    css_save_button_text_color character varying(10) NOT NULL,
    css_delete_button_background_color character varying(10) NOT NULL,
    css_delete_button_background_hover_color character varying(10) NOT NULL,
    css_delete_button_text_color character varying(10) NOT NULL,
    list_filter_dropdown boolean NOT NULL,
    related_modal_active boolean NOT NULL,
    related_modal_background_color character varying(10) NOT NULL,
    related_modal_rounded_corners boolean NOT NULL,
    logo_color character varying(10) NOT NULL,
    recent_actions_visible boolean NOT NULL,
    favicon character varying(100) NOT NULL,
    related_modal_background_opacity character varying(5) NOT NULL,
    env_name character varying(50) NOT NULL,
    env_visible_in_header boolean NOT NULL,
    env_color character varying(10) NOT NULL,
    env_visible_in_favicon boolean NOT NULL,
    related_modal_close_button_visible boolean NOT NULL,
    language_chooser_active boolean NOT NULL,
    language_chooser_display character varying(10) NOT NULL,
    list_filter_sticky boolean NOT NULL,
    form_pagination_sticky boolean NOT NULL,
    form_submit_sticky boolean NOT NULL,
    css_module_background_selected_color character varying(10) NOT NULL,
    css_module_link_selected_color character varying(10) NOT NULL,
    logo_max_height smallint NOT NULL,
    logo_max_width smallint NOT NULL,
    foldable_apps boolean NOT NULL,
    language_chooser_control character varying(20) NOT NULL,
    list_filter_highlight boolean NOT NULL,
    list_filter_removal_links boolean NOT NULL,
    show_fieldsets_as_tabs boolean NOT NULL,
    show_inlines_as_tabs boolean NOT NULL,
    css_generic_link_active_color character varying(10) NOT NULL,
    collapsible_stacked_inlines boolean NOT NULL,
    collapsible_stacked_inlines_collapsed boolean NOT NULL,
    collapsible_tabular_inlines boolean NOT NULL,
    collapsible_tabular_inlines_collapsed boolean NOT NULL,
    CONSTRAINT admin_interface_theme_logo_max_height_check CHECK ((logo_max_height >= 0)),
    CONSTRAINT admin_interface_theme_logo_max_width_check CHECK ((logo_max_width >= 0))
);


ALTER TABLE public.admin_interface_theme OWNER TO deploy;

--
-- Name: admin_interface_theme_id_seq; Type: SEQUENCE; Schema: public; Owner: deploy
--

ALTER TABLE public.admin_interface_theme ALTER COLUMN id ADD GENERATED BY DEFAULT AS IDENTITY (
    SEQUENCE NAME public.admin_interface_theme_id_seq
    START WITH 1
    INCREMENT BY 1
    NO MINVALUE
    NO MAXVALUE
    CACHE 1
);


--
-- Name: auth_group; Type: TABLE; Schema: public; Owner: deploy
--

CREATE TABLE public.auth_group (
    id integer NOT NULL,
    name character varying(150) NOT NULL
);


ALTER TABLE public.auth_group OWNER TO deploy;

--
-- Name: auth_group_id_seq; Type: SEQUENCE; Schema: public; Owner: deploy
--

ALTER TABLE public.auth_group ALTER COLUMN id ADD GENERATED BY DEFAULT AS IDENTITY (
    SEQUENCE NAME public.auth_group_id_seq
    START WITH 1
    INCREMENT BY 1
    NO MINVALUE
    NO MAXVALUE
    CACHE 1
);


--
-- Name: auth_group_permissions; Type: TABLE; Schema: public; Owner: deploy
--

CREATE TABLE public.auth_group_permissions (
    id bigint NOT NULL,
    group_id integer NOT NULL,
    permission_id integer NOT NULL
);


ALTER TABLE public.auth_group_permissions OWNER TO deploy;

--
-- Name: auth_group_permissions_id_seq; Type: SEQUENCE; Schema: public; Owner: deploy
--

ALTER TABLE public.auth_group_permissions ALTER COLUMN id ADD GENERATED BY DEFAULT AS IDENTITY (
    SEQUENCE NAME public.auth_group_permissions_id_seq
    START WITH 1
    INCREMENT BY 1
    NO MINVALUE
    NO MAXVALUE
    CACHE 1
);


--
-- Name: auth_permission; Type: TABLE; Schema: public; Owner: deploy
--

CREATE TABLE public.auth_permission (
    id integer NOT NULL,
    name character varying(255) NOT NULL,
    content_type_id integer NOT NULL,
    codename character varying(100) NOT NULL
);


ALTER TABLE public.auth_permission OWNER TO deploy;

--
-- Name: auth_permission_id_seq; Type: SEQUENCE; Schema: public; Owner: deploy
--

ALTER TABLE public.auth_permission ALTER COLUMN id ADD GENERATED BY DEFAULT AS IDENTITY (
    SEQUENCE NAME public.auth_permission_id_seq
    START WITH 1
    INCREMENT BY 1
    NO MINVALUE
    NO MAXVALUE
    CACHE 1
);


--
-- Name: auth_user; Type: TABLE; Schema: public; Owner: deploy
--

CREATE TABLE public.auth_user (
    id integer NOT NULL,
    password character varying(128) NOT NULL,
    last_login timestamp with time zone,
    is_superuser boolean NOT NULL,
    username character varying(150) NOT NULL,
    first_name character varying(150) NOT NULL,
    last_name character varying(150) NOT NULL,
    email character varying(254) NOT NULL,
    is_staff boolean NOT NULL,
    is_active boolean NOT NULL,
    date_joined timestamp with time zone NOT NULL
);


ALTER TABLE public.auth_user OWNER TO deploy;

--
-- Name: auth_user_groups; Type: TABLE; Schema: public; Owner: deploy
--

CREATE TABLE public.auth_user_groups (
    id bigint NOT NULL,
    user_id integer NOT NULL,
    group_id integer NOT NULL
);


ALTER TABLE public.auth_user_groups OWNER TO deploy;

--
-- Name: auth_user_groups_id_seq; Type: SEQUENCE; Schema: public; Owner: deploy
--

ALTER TABLE public.auth_user_groups ALTER COLUMN id ADD GENERATED BY DEFAULT AS IDENTITY (
    SEQUENCE NAME public.auth_user_groups_id_seq
    START WITH 1
    INCREMENT BY 1
    NO MINVALUE
    NO MAXVALUE
    CACHE 1
);


--
-- Name: auth_user_id_seq; Type: SEQUENCE; Schema: public; Owner: deploy
--

ALTER TABLE public.auth_user ALTER COLUMN id ADD GENERATED BY DEFAULT AS IDENTITY (
    SEQUENCE NAME public.auth_user_id_seq
    START WITH 1
    INCREMENT BY 1
    NO MINVALUE
    NO MAXVALUE
    CACHE 1
);


--
-- Name: auth_user_user_permissions; Type: TABLE; Schema: public; Owner: deploy
--

CREATE TABLE public.auth_user_user_permissions (
    id bigint NOT NULL,
    user_id integer NOT NULL,
    permission_id integer NOT NULL
);


ALTER TABLE public.auth_user_user_permissions OWNER TO deploy;

--
-- Name: auth_user_user_permissions_id_seq; Type: SEQUENCE; Schema: public; Owner: deploy
--

ALTER TABLE public.auth_user_user_permissions ALTER COLUMN id ADD GENERATED BY DEFAULT AS IDENTITY (
    SEQUENCE NAME public.auth_user_user_permissions_id_seq
    START WITH 1
    INCREMENT BY 1
    NO MINVALUE
    NO MAXVALUE
    CACHE 1
);


--
-- Name: django_admin_log; Type: TABLE; Schema: public; Owner: deploy
--

CREATE TABLE public.django_admin_log (
    id integer NOT NULL,
    action_time timestamp with time zone NOT NULL,
    object_id text,
    object_repr character varying(200) NOT NULL,
    action_flag smallint NOT NULL,
    change_message text NOT NULL,
    content_type_id integer,
    user_id integer NOT NULL,
    CONSTRAINT django_admin_log_action_flag_check CHECK ((action_flag >= 0))
);


ALTER TABLE public.django_admin_log OWNER TO deploy;

--
-- Name: django_admin_log_id_seq; Type: SEQUENCE; Schema: public; Owner: deploy
--

ALTER TABLE public.django_admin_log ALTER COLUMN id ADD GENERATED BY DEFAULT AS IDENTITY (
    SEQUENCE NAME public.django_admin_log_id_seq
    START WITH 1
    INCREMENT BY 1
    NO MINVALUE
    NO MAXVALUE
    CACHE 1
);


--
-- Name: django_celery_results_chordcounter; Type: TABLE; Schema: public; Owner: deploy
--

CREATE TABLE public.django_celery_results_chordcounter (
    id integer NOT NULL,
    group_id character varying(255) NOT NULL,
    sub_tasks text NOT NULL,
    count integer NOT NULL,
    CONSTRAINT django_celery_results_chordcounter_count_check CHECK ((count >= 0))
);


ALTER TABLE public.django_celery_results_chordcounter OWNER TO deploy;

--
-- Name: django_celery_results_chordcounter_id_seq; Type: SEQUENCE; Schema: public; Owner: deploy
--

ALTER TABLE public.django_celery_results_chordcounter ALTER COLUMN id ADD GENERATED BY DEFAULT AS IDENTITY (
    SEQUENCE NAME public.django_celery_results_chordcounter_id_seq
    START WITH 1
    INCREMENT BY 1
    NO MINVALUE
    NO MAXVALUE
    CACHE 1
);


--
-- Name: django_celery_results_groupresult; Type: TABLE; Schema: public; Owner: deploy
--

CREATE TABLE public.django_celery_results_groupresult (
    id integer NOT NULL,
    group_id character varying(255) NOT NULL,
    date_created timestamp with time zone NOT NULL,
    date_done timestamp with time zone NOT NULL,
    content_type character varying(128) NOT NULL,
    content_encoding character varying(64) NOT NULL,
    result text
);


ALTER TABLE public.django_celery_results_groupresult OWNER TO deploy;

--
-- Name: django_celery_results_groupresult_id_seq; Type: SEQUENCE; Schema: public; Owner: deploy
--

ALTER TABLE public.django_celery_results_groupresult ALTER COLUMN id ADD GENERATED BY DEFAULT AS IDENTITY (
    SEQUENCE NAME public.django_celery_results_groupresult_id_seq
    START WITH 1
    INCREMENT BY 1
    NO MINVALUE
    NO MAXVALUE
    CACHE 1
);


--
-- Name: django_celery_results_taskresult; Type: TABLE; Schema: public; Owner: deploy
--

CREATE TABLE public.django_celery_results_taskresult (
    id integer NOT NULL,
    task_id character varying(255) NOT NULL,
    status character varying(50) NOT NULL,
    content_type character varying(128) NOT NULL,
    content_encoding character varying(64) NOT NULL,
    result text,
    date_done timestamp with time zone NOT NULL,
    traceback text,
    meta text,
    task_args text,
    task_kwargs text,
    task_name character varying(255),
    worker character varying(100),
    date_created timestamp with time zone NOT NULL,
    periodic_task_name character varying(255)
);


ALTER TABLE public.django_celery_results_taskresult OWNER TO deploy;

--
-- Name: django_celery_results_taskresult_id_seq; Type: SEQUENCE; Schema: public; Owner: deploy
--

ALTER TABLE public.django_celery_results_taskresult ALTER COLUMN id ADD GENERATED BY DEFAULT AS IDENTITY (
    SEQUENCE NAME public.django_celery_results_taskresult_id_seq
    START WITH 1
    INCREMENT BY 1
    NO MINVALUE
    NO MAXVALUE
    CACHE 1
);


--
-- Name: django_content_type; Type: TABLE; Schema: public; Owner: deploy
--

CREATE TABLE public.django_content_type (
    id integer NOT NULL,
    app_label character varying(100) NOT NULL,
    model character varying(100) NOT NULL
);


ALTER TABLE public.django_content_type OWNER TO deploy;

--
-- Name: django_content_type_id_seq; Type: SEQUENCE; Schema: public; Owner: deploy
--

ALTER TABLE public.django_content_type ALTER COLUMN id ADD GENERATED BY DEFAULT AS IDENTITY (
    SEQUENCE NAME public.django_content_type_id_seq
    START WITH 1
    INCREMENT BY 1
    NO MINVALUE
    NO MAXVALUE
    CACHE 1
);


--
-- Name: django_migrations; Type: TABLE; Schema: public; Owner: deploy
--

CREATE TABLE public.django_migrations (
    id bigint NOT NULL,
    app character varying(255) NOT NULL,
    name character varying(255) NOT NULL,
    applied timestamp with time zone NOT NULL
);


ALTER TABLE public.django_migrations OWNER TO deploy;

--
-- Name: django_migrations_id_seq; Type: SEQUENCE; Schema: public; Owner: deploy
--

ALTER TABLE public.django_migrations ALTER COLUMN id ADD GENERATED BY DEFAULT AS IDENTITY (
    SEQUENCE NAME public.django_migrations_id_seq
    START WITH 1
    INCREMENT BY 1
    NO MINVALUE
    NO MAXVALUE
    CACHE 1
);


--
-- Name: django_session; Type: TABLE; Schema: public; Owner: deploy
--

CREATE TABLE public.django_session (
    session_key character varying(40) NOT NULL,
    session_data text NOT NULL,
    expire_date timestamp with time zone NOT NULL
);


ALTER TABLE public.django_session OWNER TO deploy;

--
-- Name: extensions_profile; Type: TABLE; Schema: public; Owner: deploy
--

CREATE TABLE public.extensions_profile (
    id bigint NOT NULL,
    api_secret character varying NOT NULL,
    user_id integer NOT NULL,
    telegram_id character varying
);


ALTER TABLE public.extensions_profile OWNER TO deploy;

--
-- Name: extensions_profile_id_seq; Type: SEQUENCE; Schema: public; Owner: deploy
--

ALTER TABLE public.extensions_profile ALTER COLUMN id ADD GENERATED BY DEFAULT AS IDENTITY (
    SEQUENCE NAME public.extensions_profile_id_seq
    START WITH 1
    INCREMENT BY 1
    NO MINVALUE
    NO MAXVALUE
    CACHE 1
);


--
-- Name: resources_positive_review; Type: TABLE; Schema: public; Owner: deploy
--

CREATE TABLE public.resources_positive_review (
    id bigint NOT NULL,
    name character varying NOT NULL,
    text text NOT NULL,
    branch_id bigint NOT NULL,
    company_id bigint NOT NULL
);


ALTER TABLE public.resources_positive_review OWNER TO deploy;

--
-- Name: feedback_positive_review_id_seq; Type: SEQUENCE; Schema: public; Owner: deploy
--

ALTER TABLE public.resources_positive_review ALTER COLUMN id ADD GENERATED BY DEFAULT AS IDENTITY (
    SEQUENCE NAME public.feedback_positive_review_id_seq
    START WITH 1
    INCREMENT BY 1
    NO MINVALUE
    NO MAXVALUE
    CACHE 1
);


--
-- Name: resources_branch; Type: TABLE; Schema: public; Owner: deploy
--

CREATE TABLE public.resources_branch (
    id bigint NOT NULL,
    name character varying NOT NULL,
    company_id bigint NOT NULL
);


ALTER TABLE public.resources_branch OWNER TO deploy;

--
-- Name: resources_branch_id_seq; Type: SEQUENCE; Schema: public; Owner: deploy
--

ALTER TABLE public.resources_branch ALTER COLUMN id ADD GENERATED BY DEFAULT AS IDENTITY (
    SEQUENCE NAME public.resources_branch_id_seq
    START WITH 1
    INCREMENT BY 1
    NO MINVALUE
    NO MAXVALUE
    CACHE 1
);


--
-- Name: resources_company; Type: TABLE; Schema: public; Owner: deploy
--

CREATE TABLE public.resources_company (
    id bigint NOT NULL,
    name character varying NOT NULL
);


ALTER TABLE public.resources_company OWNER TO deploy;

--
-- Name: resources_company_id_seq; Type: SEQUENCE; Schema: public; Owner: deploy
--

ALTER TABLE public.resources_company ALTER COLUMN id ADD GENERATED BY DEFAULT AS IDENTITY (
    SEQUENCE NAME public.resources_company_id_seq
    START WITH 1
    INCREMENT BY 1
    NO MINVALUE
    NO MAXVALUE
    CACHE 1
);


--
-- Name: resources_company_users; Type: TABLE; Schema: public; Owner: deploy
--

CREATE TABLE public.resources_company_users (
    id bigint NOT NULL,
    company_id bigint NOT NULL,
    user_id integer NOT NULL
);


ALTER TABLE public.resources_company_users OWNER TO deploy;

--
-- Name: resources_company_user_id_seq; Type: SEQUENCE; Schema: public; Owner: deploy
--

ALTER TABLE public.resources_company_users ALTER COLUMN id ADD GENERATED BY DEFAULT AS IDENTITY (
    SEQUENCE NAME public.resources_company_user_id_seq
    START WITH 1
    INCREMENT BY 1
    NO MINVALUE
    NO MAXVALUE
    CACHE 1
);


--
-- Name: resources_negative_message; Type: TABLE; Schema: public; Owner: deploy
--

CREATE TABLE public.resources_negative_message (
    id bigint NOT NULL,
    created_at timestamp with time zone NOT NULL,
    phone character varying(255) NOT NULL,
    text text NOT NULL,
    branch_id bigint NOT NULL,
    company_id bigint NOT NULL
);


ALTER TABLE public.resources_negative_message OWNER TO deploy;

--
-- Name: resources_negative_message_id_seq; Type: SEQUENCE; Schema: public; Owner: deploy
--

ALTER TABLE public.resources_negative_message ALTER COLUMN id ADD GENERATED BY DEFAULT AS IDENTITY (
    SEQUENCE NAME public.resources_negative_message_id_seq
    START WITH 1
    INCREMENT BY 1
    NO MINVALUE
    NO MAXVALUE
    CACHE 1
);


--
-- Name: resources_negative_message_negative_message_tag; Type: TABLE; Schema: public; Owner: deploy
--

CREATE TABLE public.resources_negative_message_negative_message_tag (
    id bigint NOT NULL,
    negativemessage_id bigint NOT NULL,
    negativemessagetag_id bigint NOT NULL
);


ALTER TABLE public.resources_negative_message_negative_message_tag OWNER TO deploy;

--
-- Name: resources_negative_message_negative_message_tag_id_seq; Type: SEQUENCE; Schema: public; Owner: deploy
--

ALTER TABLE public.resources_negative_message_negative_message_tag ALTER COLUMN id ADD GENERATED BY DEFAULT AS IDENTITY (
    SEQUENCE NAME public.resources_negative_message_negative_message_tag_id_seq
    START WITH 1
    INCREMENT BY 1
    NO MINVALUE
    NO MAXVALUE
    CACHE 1
);


--
-- Name: resources_negative_message_tag; Type: TABLE; Schema: public; Owner: deploy
--

CREATE TABLE public.resources_negative_message_tag (
    id bigint NOT NULL,
    text character varying(255) NOT NULL
);


ALTER TABLE public.resources_negative_message_tag OWNER TO deploy;

--
-- Name: resources_negative_message_tag_id_seq; Type: SEQUENCE; Schema: public; Owner: deploy
--

ALTER TABLE public.resources_negative_message_tag ALTER COLUMN id ADD GENERATED BY DEFAULT AS IDENTITY (
    SEQUENCE NAME public.resources_negative_message_tag_id_seq
    START WITH 1
    INCREMENT BY 1
    NO MINVALUE
    NO MAXVALUE
    CACHE 1
);


--
-- Name: resources_negative_review; Type: TABLE; Schema: public; Owner: deploy
--

CREATE TABLE public.resources_negative_review (
    id bigint NOT NULL,
    name character varying NOT NULL,
    text text NOT NULL,
    branch_id bigint NOT NULL,
    company_id bigint NOT NULL
);


ALTER TABLE public.resources_negative_review OWNER TO deploy;

--
-- Name: resources_negative_review_id_seq; Type: SEQUENCE; Schema: public; Owner: deploy
--

ALTER TABLE public.resources_negative_review ALTER COLUMN id ADD GENERATED BY DEFAULT AS IDENTITY (
    SEQUENCE NAME public.resources_negative_review_id_seq
    START WITH 1
    INCREMENT BY 1
    NO MINVALUE
    NO MAXVALUE
    CACHE 1
);


--
-- Name: resources_notification; Type: TABLE; Schema: public; Owner: deploy
--

CREATE TABLE public.resources_notification (
    id bigint NOT NULL,
    initiator character varying(250) NOT NULL,
    created_at timestamp with time zone NOT NULL,
    text text NOT NULL,
    url character varying,
    company_id bigint NOT NULL,
    negative_message_id bigint
);


ALTER TABLE public.resources_notification OWNER TO deploy;

--
-- Name: resources_notification_id_seq; Type: SEQUENCE; Schema: public; Owner: deploy
--

ALTER TABLE public.resources_notification ALTER COLUMN id ADD GENERATED BY DEFAULT AS IDENTITY (
    SEQUENCE NAME public.resources_notification_id_seq
    START WITH 1
    INCREMENT BY 1
    NO MINVALUE
    NO MAXVALUE
    CACHE 1
);


--
-- Name: resources_website; Type: TABLE; Schema: public; Owner: deploy
--

CREATE TABLE public.resources_website (
    id bigint NOT NULL,
    is_published boolean NOT NULL,
    path character varying(255) NOT NULL,
    name character varying NOT NULL,
    specialization character varying NOT NULL,
    city character varying NOT NULL,
    address character varying NOT NULL,
    is_work_at_monday boolean NOT NULL,
    is_work_at_tuesday boolean NOT NULL,
    is_work_at_wednesday boolean NOT NULL,
    is_work_at_thursday boolean NOT NULL,
    is_work_at_friday boolean NOT NULL,
    is_work_at_saturday boolean NOT NULL,
    is_work_at_sunday boolean NOT NULL,
    monday_schedule character varying NOT NULL,
    tuesday_schedule character varying NOT NULL,
    wednesday_schedule character varying NOT NULL,
    thursday_schedule character varying NOT NULL,
    friday_schedule character varying NOT NULL,
    saturday_schedule character varying NOT NULL,
    sunday_schedule character varying NOT NULL,
    description text NOT NULL,
    action_button_text character varying NOT NULL,
    action_button_url character varying NOT NULL,
    branch_id bigint NOT NULL,
    company_id bigint NOT NULL
);


ALTER TABLE public.resources_website OWNER TO deploy;

--
-- Name: resources_website_card; Type: TABLE; Schema: public; Owner: deploy
--

CREATE TABLE public.resources_website_card (
    id bigint NOT NULL,
    platform character varying NOT NULL,
    name character varying NOT NULL,
    value character varying NOT NULL,
    website_id bigint NOT NULL
);


ALTER TABLE public.resources_website_card OWNER TO deploy;

--
-- Name: resources_website_card_id_seq; Type: SEQUENCE; Schema: public; Owner: deploy
--

ALTER TABLE public.resources_website_card ALTER COLUMN id ADD GENERATED BY DEFAULT AS IDENTITY (
    SEQUENCE NAME public.resources_website_card_id_seq
    START WITH 1
    INCREMENT BY 1
    NO MINVALUE
    NO MAXVALUE
    CACHE 1
);


--
-- Name: resources_website_contact; Type: TABLE; Schema: public; Owner: deploy
--

CREATE TABLE public.resources_website_contact (
    id bigint NOT NULL,
    platform character varying NOT NULL,
    name character varying NOT NULL,
    value character varying NOT NULL,
    website_id bigint NOT NULL
);


ALTER TABLE public.resources_website_contact OWNER TO deploy;

--
-- Name: resources_website_contact_id_seq; Type: SEQUENCE; Schema: public; Owner: deploy
--

ALTER TABLE public.resources_website_contact ALTER COLUMN id ADD GENERATED BY DEFAULT AS IDENTITY (
    SEQUENCE NAME public.resources_website_contact_id_seq
    START WITH 1
    INCREMENT BY 1
    NO MINVALUE
    NO MAXVALUE
    CACHE 1
);


--
-- Name: resources_website_id_seq; Type: SEQUENCE; Schema: public; Owner: deploy
--

ALTER TABLE public.resources_website ALTER COLUMN id ADD GENERATED BY DEFAULT AS IDENTITY (
    SEQUENCE NAME public.resources_website_id_seq
    START WITH 1
    INCREMENT BY 1
    NO MINVALUE
    NO MAXVALUE
    CACHE 1
);


--
-- Name: resources_website_image; Type: TABLE; Schema: public; Owner: deploy
--

CREATE TABLE public.resources_website_image (
    id bigint NOT NULL,
    is_logo boolean NOT NULL,
    sort integer NOT NULL,
    file character varying(100) NOT NULL,
    name character varying NOT NULL,
    website_id bigint NOT NULL
);


ALTER TABLE public.resources_website_image OWNER TO deploy;

--
-- Name: resources_website_image_id_seq; Type: SEQUENCE; Schema: public; Owner: deploy
--

ALTER TABLE public.resources_website_image ALTER COLUMN id ADD GENERATED BY DEFAULT AS IDENTITY (
    SEQUENCE NAME public.resources_website_image_id_seq
    START WITH 1
    INCREMENT BY 1
    NO MINVALUE
    NO MAXVALUE
    CACHE 1
);


--
-- Name: resources_website_url; Type: TABLE; Schema: public; Owner: deploy
--

CREATE TABLE public.resources_website_url (
    id bigint NOT NULL,
    platform character varying NOT NULL,
    name character varying NOT NULL,
    value character varying NOT NULL,
    website_id bigint NOT NULL
);


ALTER TABLE public.resources_website_url OWNER TO deploy;

--
-- Name: resources_website_url_id_seq; Type: SEQUENCE; Schema: public; Owner: deploy
--

ALTER TABLE public.resources_website_url ALTER COLUMN id ADD GENERATED BY DEFAULT AS IDENTITY (
    SEQUENCE NAME public.resources_website_url_id_seq
    START WITH 1
    INCREMENT BY 1
    NO MINVALUE
    NO MAXVALUE
    CACHE 1
);


--
-- Data for Name: admin_interface_theme; Type: TABLE DATA; Schema: public; Owner: deploy
--

COPY public.admin_interface_theme (id, name, active, title, title_visible, logo, logo_visible, css_header_background_color, title_color, css_header_text_color, css_header_link_color, css_header_link_hover_color, css_module_background_color, css_module_text_color, css_module_link_color, css_module_link_hover_color, css_module_rounded_corners, css_generic_link_color, css_generic_link_hover_color, css_save_button_background_color, css_save_button_background_hover_color, css_save_button_text_color, css_delete_button_background_color, css_delete_button_background_hover_color, css_delete_button_text_color, list_filter_dropdown, related_modal_active, related_modal_background_color, related_modal_rounded_corners, logo_color, recent_actions_visible, favicon, related_modal_background_opacity, env_name, env_visible_in_header, env_color, env_visible_in_favicon, related_modal_close_button_visible, language_chooser_active, language_chooser_display, list_filter_sticky, form_pagination_sticky, form_submit_sticky, css_module_background_selected_color, css_module_link_selected_color, logo_max_height, logo_max_width, foldable_apps, language_chooser_control, list_filter_highlight, list_filter_removal_links, show_fieldsets_as_tabs, show_inlines_as_tabs, css_generic_link_active_color, collapsible_stacked_inlines, collapsible_stacked_inlines_collapsed, collapsible_tabular_inlines, collapsible_tabular_inlines_collapsed) FROM stdin;
2	Portrate	t	🧦	t	admin-interface/logo/portrate.png	t	#FFD6BE	#F5DD5D	#594B42	#857063	#3F352F	#FFD6BE	#594B42	#857063	#3F352F	t	#857063	#3F352F	#857063	#756357	#FFFFFF	#BA2121	#A41515	#FFFFFF	t	t	#000000	t	#FFFFFF	t	favicon.ico	0.3	DEV	f	#E74C3C	f	t	t	code	t	f	f	#FFFFFF	#3F352F	40	60	t	default-select	t	f	f	f	#3F352F	f	t	f	t
1	Django	f	Администрирование Django	t		t	#0C4B33	#F5DD5D	#44B78B	#FFFFFF	#C9F0DD	#44B78B	#FFFFFF	#FFFFFF	#C9F0DD	t	#0C3C26	#156641	#0C4B33	#0C3C26	#FFFFFF	#BA2121	#A41515	#FFFFFF	t	t	#000000	t	#FFFFFF	t		0.3		t	#E74C3C	t	t	t	code	t	f	f	#FFFFCC	#FFFFFF	100	400	t	default-select	t	f	f	f	#29B864	f	t	f	t
\.


--
-- Data for Name: auth_group; Type: TABLE DATA; Schema: public; Owner: deploy
--

COPY public.auth_group (id, name) FROM stdin;
\.


--
-- Data for Name: auth_group_permissions; Type: TABLE DATA; Schema: public; Owner: deploy
--

COPY public.auth_group_permissions (id, group_id, permission_id) FROM stdin;
\.


--
-- Data for Name: auth_permission; Type: TABLE DATA; Schema: public; Owner: deploy
--

COPY public.auth_permission (id, name, content_type_id, codename) FROM stdin;
1	Can add Theme	1	add_theme
2	Can change Theme	1	change_theme
3	Can delete Theme	1	delete_theme
4	Can view Theme	1	view_theme
5	Can add log entry	2	add_logentry
6	Can change log entry	2	change_logentry
7	Can delete log entry	2	delete_logentry
8	Can view log entry	2	view_logentry
9	Can add permission	3	add_permission
10	Can change permission	3	change_permission
11	Can delete permission	3	delete_permission
12	Can view permission	3	view_permission
13	Can add group	4	add_group
14	Can change group	4	change_group
15	Can delete group	4	delete_group
16	Can view group	4	view_group
17	Can add user	5	add_user
18	Can change user	5	change_user
19	Can delete user	5	delete_user
20	Can view user	5	view_user
21	Can add content type	6	add_contenttype
22	Can change content type	6	change_contenttype
23	Can delete content type	6	delete_contenttype
24	Can view content type	6	view_contenttype
25	Can add session	7	add_session
26	Can change session	7	change_session
27	Can delete session	7	delete_session
28	Can view session	7	view_session
29	Can add профиль	8	add_profile
30	Can change профиль	8	change_profile
31	Can delete профиль	8	delete_profile
32	Can view профиль	8	view_profile
33	Can add филиал	9	add_branch
34	Can change филиал	9	change_branch
35	Can delete филиал	9	delete_branch
36	Can view филиал	9	view_branch
37	Can add сеть	10	add_company
38	Can change сеть	10	change_company
39	Can delete сеть	10	delete_company
40	Can view сеть	10	view_company
41	Can add вебсайт	11	add_website
42	Can change вебсайт	11	change_website
43	Can delete вебсайт	11	delete_website
44	Can view вебсайт	11	view_website
45	Can add ссылка вебсайта	12	add_websiteurl
46	Can change ссылка вебсайта	12	change_websiteurl
47	Can delete ссылка вебсайта	12	delete_websiteurl
48	Can view ссылка вебсайта	12	view_websiteurl
49	Can add изображение вебсайта	13	add_websiteimage
50	Can change изображение вебсайта	13	change_websiteimage
51	Can delete изображение вебсайта	13	delete_websiteimage
52	Can view изображение вебсайта	13	view_websiteimage
53	Can add контакт вебсайта	14	add_websitecontact
54	Can change контакт вебсайта	14	change_websitecontact
55	Can delete контакт вебсайта	14	delete_websitecontact
56	Can view контакт вебсайта	14	view_websitecontact
57	Can add карточка вебсайта	15	add_websitecard
58	Can change карточка вебсайта	15	change_websitecard
59	Can delete карточка вебсайта	15	delete_websitecard
60	Can view карточка вебсайта	15	view_websitecard
61	Can add тег негативного сообщения	16	add_negativemessagetag
62	Can change тег негативного сообщения	16	change_negativemessagetag
63	Can delete тег негативного сообщения	16	delete_negativemessagetag
64	Can view тег негативного сообщения	16	view_negativemessagetag
65	Can add позитивный отзыв	17	add_positivereview
66	Can change позитивный отзыв	17	change_positivereview
67	Can delete позитивный отзыв	17	delete_positivereview
68	Can view позитивный отзыв	17	view_positivereview
69	Can add негативный отзыв	18	add_negativereview
70	Can change негативный отзыв	18	change_negativereview
71	Can delete негативный отзыв	18	delete_negativereview
72	Can view негативный отзыв	18	view_negativereview
73	Can add негативное сообщение	19	add_negativemessage
74	Can change негативное сообщение	19	change_negativemessage
75	Can delete негативное сообщение	19	delete_negativemessage
76	Can view негативное сообщение	19	view_negativemessage
77	Can add task result	20	add_taskresult
78	Can change task result	20	change_taskresult
79	Can delete task result	20	delete_taskresult
80	Can view task result	20	view_taskresult
81	Can add chord counter	21	add_chordcounter
82	Can change chord counter	21	change_chordcounter
83	Can delete chord counter	21	delete_chordcounter
84	Can view chord counter	21	view_chordcounter
85	Can add group result	22	add_groupresult
86	Can change group result	22	change_groupresult
87	Can delete group result	22	delete_groupresult
88	Can view group result	22	view_groupresult
89	Can add оповещение	23	add_notification
90	Can change оповещение	23	change_notification
91	Can delete оповещение	23	delete_notification
92	Can view оповещение	23	view_notification
\.


--
-- Data for Name: auth_user; Type: TABLE DATA; Schema: public; Owner: deploy
--

COPY public.auth_user (id, password, last_login, is_superuser, username, first_name, last_name, email, is_staff, is_active, date_joined) FROM stdin;
3	pbkdf2_sha256$600000$b0swsTw5cggbfJ0AmFsmrC$8/RcApWoj+0WP0XQBR2dImpjUdYFB0+klF1i0OonluQ=	2023-10-23 14:39:38.10762+03	t	sakiruma				t	t	2023-10-23 14:36:47+03
2	pbkdf2_sha256$600000$hw8wGdE6e2F8feimbYxwY1$4jhX0d8FeXVvJhsEFow9IGUzgUkzU87j7E9MRyvcm6c=	2023-10-23 14:44:30.46+03	t	mojocreator				t	t	2023-10-23 14:36:17+03
1	pbkdf2_sha256$600000$QzFr7WQS13IeOK8A2KSNUd$aOI5X+nXl1urgk1EkVhtCunc9b7H9OcFmm2/FfHCw4g=	2023-10-28 17:24:23.120212+03	t	sovsemsk			sovsemsk@gmail.com	t	t	2023-10-22 02:29:21.818139+03
\.


--
-- Data for Name: auth_user_groups; Type: TABLE DATA; Schema: public; Owner: deploy
--

COPY public.auth_user_groups (id, user_id, group_id) FROM stdin;
\.


--
-- Data for Name: auth_user_user_permissions; Type: TABLE DATA; Schema: public; Owner: deploy
--

COPY public.auth_user_user_permissions (id, user_id, permission_id) FROM stdin;
\.


--
-- Data for Name: django_admin_log; Type: TABLE DATA; Schema: public; Owner: deploy
--

COPY public.django_admin_log (id, action_time, object_id, object_repr, action_flag, change_message, content_type_id, user_id) FROM stdin;
1	2023-10-23 12:47:28.253657+03	6	Портрет	2	[{"changed": {"fields": ["\\u041f\\u043e\\u043b\\u044c\\u0437\\u043e\\u0432\\u0430\\u0442\\u0435\\u043b\\u0438"]}}]	10	1
2	2023-10-23 13:44:43.65339+03	15	<Task: 0454db92-9a00-45c7-be16-013db61824e2 (SUCCESS)>	3		20	1
3	2023-10-23 13:44:43.657908+03	14	<Task: 158a33c5-578c-419a-ae8c-fb69a873dac1 (SUCCESS)>	3		20	1
4	2023-10-23 13:44:43.659671+03	13	<Task: ae4af7a4-0b45-4fd2-89fe-fe7188b81a3f (SUCCESS)>	3		20	1
5	2023-10-23 13:44:43.661146+03	12	<Task: 36248a65-210e-4b4b-8d2d-4ae6d40cc52d (SUCCESS)>	3		20	1
6	2023-10-23 13:44:43.662616+03	11	<Task: 846c22e7-68b8-4ea6-b3c9-6a8827e50526 (SUCCESS)>	3		20	1
7	2023-10-23 13:44:43.663941+03	10	<Task: ba4d15ba-1c41-4b9d-85f2-95831caec1c2 (SUCCESS)>	3		20	1
8	2023-10-23 13:44:43.665422+03	9	<Task: d8f3e20d-5688-4a01-a345-4be5aa3140a1 (SUCCESS)>	3		20	1
9	2023-10-23 13:44:43.666681+03	8	<Task: 5e0f2aa9-20d5-4cc6-8468-d02b5fce8b56 (SUCCESS)>	3		20	1
10	2023-10-23 13:44:43.668081+03	7	<Task: e659cdc7-86d6-4daf-b94c-6ea887036b8a (SUCCESS)>	3		20	1
11	2023-10-23 13:44:43.669505+03	6	<Task: 5ffffc68-5955-47b6-a513-e731da44c0cf (SUCCESS)>	3		20	1
12	2023-10-23 13:44:43.670759+03	5	<Task: 617bebd0-7f0f-4e3b-88c1-371736966aab (SUCCESS)>	3		20	1
13	2023-10-23 13:44:43.672092+03	4	<Task: a808c406-adbc-4ebf-9a56-66fe6ccbd426 (SUCCESS)>	3		20	1
14	2023-10-23 13:44:43.673595+03	3	<Task: cf665e3e-173e-4255-8dd0-183d6ae72174 (SUCCESS)>	3		20	1
15	2023-10-23 13:44:43.675016+03	2	<Task: c3c3a236-f8a3-46b5-87ae-233a18f2b595 (SUCCESS)>	3		20	1
16	2023-10-23 13:44:43.676485+03	1	<Task: 8e598b1b-9d91-4760-bea2-380a3529e6d6 (SUCCESS)>	3		20	1
17	2023-10-23 13:44:58.50251+03	15	+7 123 131-23-12	3		19	1
18	2023-10-23 13:44:58.506072+03	14	+7 872 983-74-91	3		19	1
19	2023-10-23 13:44:58.507826+03	13	+7 129 873-49-28	3		19	1
20	2023-10-23 13:44:58.509319+03	12	+7 928 763-41-27	3		19	1
21	2023-10-23 13:44:58.510745+03	11	+7 123 123-12-31	3		19	1
22	2023-10-23 13:44:58.51222+03	10	+7 888 888-88-88	3		19	1
23	2023-10-23 13:44:58.51367+03	9	+7 123 131-23-12	3		19	1
24	2023-10-23 13:44:58.51499+03	8	+7 999 999-99-99	3		19	1
25	2023-10-23 13:44:58.516313+03	7	+7 444 444-44-44	3		19	1
26	2023-10-23 13:44:58.517602+03	6	+7 123 123-12-31	3		19	1
27	2023-10-23 13:44:58.518863+03	5	+7 123 123-12-31	3		19	1
28	2023-10-23 13:44:58.520109+03	4	+7 111 111-11-11	3		19	1
29	2023-10-23 13:44:58.521386+03	3	+7 123 123-12-31	3		19	1
30	2023-10-23 13:44:58.522603+03	2	+7 999 999-99-99	3		19	1
31	2023-10-23 13:44:58.523801+03	1	+7 999 999-99-99	3		19	1
32	2023-10-23 14:36:18.101336+03	2	mojocreator	1	[{"added": {}}]	5	1
33	2023-10-23 14:36:24.642234+03	2	mojocreator	2	[{"changed": {"fields": ["Staff status", "Superuser status"]}}]	5	1
34	2023-10-23 14:36:48.513578+03	3	sakiruma	1	[{"added": {}}]	5	1
35	2023-10-23 14:36:54.08619+03	3	sakiruma	2	[{"changed": {"fields": ["Staff status", "Superuser status"]}}]	5	1
36	2023-10-23 14:38:04.184119+03	1	Django	2	[{"changed": {"fields": ["Active"]}}]	1	1
37	2023-10-23 14:38:09.866715+03	2	Portrate	2	[]	1	1
38	2023-10-23 14:38:23.144069+03	2	Portrate	2	[{"changed": {"fields": ["Visible"]}}]	1	1
39	2023-10-23 14:43:27.023557+03	6	Портрет	2	[{"changed": {"fields": ["\\u041f\\u043e\\u043b\\u044c\\u0437\\u043e\\u0432\\u0430\\u0442\\u0435\\u043b\\u0438"]}}]	10	1
40	2023-10-23 14:59:12.064617+03	30	<Task: 41c0c126-9277-487b-ab55-3319be007008 (SUCCESS)>	3		20	1
41	2023-10-23 14:59:12.067613+03	29	<Task: 67bde352-1037-4a5d-ac85-7a6ea55918c1 (SUCCESS)>	3		20	1
42	2023-10-23 14:59:12.069131+03	28	<Task: 88b680d4-6b2c-48c1-a5fc-028a32a882c4 (SUCCESS)>	3		20	1
43	2023-10-23 14:59:12.07054+03	27	<Task: 212c12b7-6664-46e2-813a-8ab16e15de5c (SUCCESS)>	3		20	1
44	2023-10-23 14:59:12.071892+03	26	<Task: dd2c5357-9e5c-461f-9a52-199f665e038b (SUCCESS)>	3		20	1
45	2023-10-23 14:59:12.073294+03	25	<Task: 133d166f-9951-4199-8c85-969698324b71 (SUCCESS)>	3		20	1
46	2023-10-23 14:59:12.074798+03	24	<Task: 94fbc5fe-c82f-4434-ae32-321a5ca04d18 (SUCCESS)>	3		20	1
47	2023-10-23 14:59:12.076106+03	23	<Task: da964f5e-05ec-4fe0-b129-a80f56ddf7c6 (SUCCESS)>	3		20	1
48	2023-10-23 14:59:12.077616+03	22	<Task: 010a0f10-aac9-4a4c-b617-69c226e5a9b2 (SUCCESS)>	3		20	1
49	2023-10-23 14:59:12.07921+03	21	<Task: 6bd93401-3c93-418d-84da-e541278ec8ec (SUCCESS)>	3		20	1
50	2023-10-23 14:59:12.080634+03	20	<Task: 3eab13a7-964f-4adb-aa06-d1805f6dcc7d (SUCCESS)>	3		20	1
51	2023-10-23 14:59:12.082039+03	19	<Task: 1bc2b903-1279-43ba-9d93-d55b139e2e50 (SUCCESS)>	3		20	1
52	2023-10-23 14:59:12.083289+03	18	<Task: 9eafa692-a5e7-4fa7-87de-1f9a47146691 (FAILURE)>	3		20	1
53	2023-10-23 14:59:12.084583+03	17	<Task: d727f1d4-1b79-479f-85f0-72662ccfa575 (FAILURE)>	3		20	1
54	2023-10-23 14:59:12.085907+03	16	<Task: e450953e-a59e-4dd0-bb0d-7ab7f28b0ea4 (SUCCESS)>	3		20	1
55	2023-10-23 14:59:23.857685+03	21	+7 996 924-89-66	3		19	1
56	2023-10-23 14:59:23.860815+03	20	+7 982 734-97-12	3		19	1
57	2023-10-23 14:59:23.862422+03	19	+7 989 873-98-27	3		19	1
58	2023-10-23 14:59:23.863988+03	18	+7 999 999-99-99	3		19	1
59	2023-10-23 14:59:23.86547+03	17	+7 999 210-61-77	3		19	1
60	2023-10-23 14:59:23.866858+03	16	+7 999 999-99-99	3		19	1
61	2023-10-25 04:05:32.305422+03	12	Новодент	2	[{"changed": {"fields": ["\\u041f\\u043e\\u043b\\u044c\\u0437\\u043e\\u0432\\u0430\\u0442\\u0435\\u043b\\u0438"]}}]	10	1
62	2023-10-25 04:05:37.800861+03	11	Легион	2	[{"changed": {"fields": ["\\u041f\\u043e\\u043b\\u044c\\u0437\\u043e\\u0432\\u0430\\u0442\\u0435\\u043b\\u0438"]}}]	10	1
63	2023-10-25 04:05:48.064046+03	15	Цветы от Маяковского	2	[{"changed": {"fields": ["\\u041f\\u043e\\u043b\\u044c\\u0437\\u043e\\u0432\\u0430\\u0442\\u0435\\u043b\\u0438"]}}]	10	1
64	2023-10-25 12:24:56.23499+03	11	Легион	2	[{"changed": {"fields": ["\\u041f\\u043e\\u043b\\u044c\\u0437\\u043e\\u0432\\u0430\\u0442\\u0435\\u043b\\u0438"]}}]	10	1
65	2023-10-25 13:30:12.301063+03	36	<Task: 2e34c2bb-b620-46e0-88ea-a79e18b188da (FAILURE)>	3		20	1
66	2023-10-25 13:30:19.55025+03	35	<Task: ebce96d0-21bc-47c4-bf15-79f350d8bcd8 (SUCCESS)>	3		20	1
67	2023-10-25 13:30:19.552885+03	34	<Task: b9032839-92e7-4188-b4bc-c93d7b52320f (FAILURE)>	3		20	1
68	2023-10-25 13:30:19.554332+03	33	<Task: 7b2706c2-ce8b-4283-a049-18fab78b4363 (FAILURE)>	3		20	1
69	2023-10-25 13:30:19.555699+03	32	<Task: a1516b16-52ff-432e-b79d-1f2a51137f9d (FAILURE)>	3		20	1
70	2023-10-25 13:30:19.557027+03	31	<Task: c5dc9e4b-e23f-4daf-a325-4f53ddf2af1c (SUCCESS)>	3		20	1
71	2023-10-25 13:30:34.240417+03	26	+7 999 210-61-77	3		19	1
72	2023-10-25 13:30:34.242986+03	25	+7 999 210-61-77	3		19	1
73	2023-10-25 13:30:34.244498+03	24	+7 888 899-99-21	3		19	1
74	2023-10-25 13:30:34.245826+03	23	+7 999 999-99-99	3		19	1
75	2023-10-25 13:30:34.247139+03	22	+7 999 999-99-99	3		19	1
76	2023-10-25 17:43:29.797677+03	30	+7 888 888-88-88	3		19	1
77	2023-10-25 17:43:29.8081+03	29	+7 999 999-99-99	3		19	1
78	2023-10-25 17:43:29.810315+03	28	+7 999 210-61-77	3		19	1
79	2023-10-25 17:43:29.812483+03	27	+7 999 210-61-77	3		19	1
80	2023-10-25 17:43:48.784159+03	42	<Task: ca56a4eb-a0f7-485b-98ed-8bbb5dd27218 (SUCCESS)>	3		20	1
81	2023-10-25 17:43:48.786824+03	41	<Task: fbd4ff43-4760-4a9d-bd06-44aeeec9f750 (SUCCESS)>	3		20	1
82	2023-10-25 17:43:48.788295+03	40	<Task: 8d3e2890-a36e-40b5-9347-8b53802100b0 (SUCCESS)>	3		20	1
83	2023-10-25 17:43:48.789757+03	39	<Task: cb102d7d-de9c-4bfb-aa0b-e01373d96d4c (SUCCESS)>	3		20	1
84	2023-10-25 17:43:48.79115+03	38	<Task: 29375095-5c1a-4e2b-a841-46dcec523baf (SUCCESS)>	3		20	1
85	2023-10-25 17:43:48.792626+03	37	<Task: 69fc9052-ac04-4b02-922f-f56ec0910943 (SUCCESS)>	3		20	1
86	2023-10-25 19:09:28.326658+03	47	<Task: 24bb6831-8a42-4a10-a9ac-845a2534e714 (SUCCESS)>	3		20	1
87	2023-10-25 19:09:28.329769+03	44	<Task: 16f2abef-f76e-40f5-b4dd-4eca741d8744 (SUCCESS)>	3		20	1
88	2023-10-25 19:09:28.331626+03	45	<Task: 5c46612b-364f-41a2-b42e-cc397fb8ae7b (SUCCESS)>	3		20	1
89	2023-10-25 19:09:28.333216+03	46	<Task: 5f8530b9-e6f7-4667-a5dd-9405acb05d02 (SUCCESS)>	3		20	1
90	2023-10-25 19:09:28.334635+03	43	<Task: 83922006-df21-4d74-b8fc-fdceabc3ab24 (SUCCESS)>	3		20	1
91	2023-10-25 19:09:52.056329+03	32	+7 999 999-99-99	3		19	1
92	2023-10-25 19:09:52.059092+03	31	+7 999 999-99-99	3		19	1
93	2023-10-27 00:20:47.461826+03	12	Новодент	2	[{"changed": {"fields": ["\\u041f\\u043e\\u043b\\u044c\\u0437\\u043e\\u0432\\u0430\\u0442\\u0435\\u043b\\u0438"]}}]	10	1
\.


--
-- Data for Name: django_celery_results_chordcounter; Type: TABLE DATA; Schema: public; Owner: deploy
--

COPY public.django_celery_results_chordcounter (id, group_id, sub_tasks, count) FROM stdin;
\.


--
-- Data for Name: django_celery_results_groupresult; Type: TABLE DATA; Schema: public; Owner: deploy
--

COPY public.django_celery_results_groupresult (id, group_id, date_created, date_done, content_type, content_encoding, result) FROM stdin;
\.


--
-- Data for Name: django_celery_results_taskresult; Type: TABLE DATA; Schema: public; Owner: deploy
--

COPY public.django_celery_results_taskresult (id, task_id, status, content_type, content_encoding, result, date_done, traceback, meta, task_args, task_kwargs, task_name, worker, date_created, periodic_task_name) FROM stdin;
48	3a840ad4-8f42-4198-af33-37e4f68f4314	SUCCESS	application/json	utf-8	null	2023-10-26 14:57:46.825068+03	\N	{"children": []}	\N	\N	\N	\N	2023-10-26 14:57:46.383635+03	\N
50	2e82841d-5573-483d-af0d-8428a5403c76	SUCCESS	application/json	utf-8	null	2023-10-26 14:57:46.842081+03	\N	{"children": []}	\N	\N	\N	\N	2023-10-26 14:57:46.389085+03	\N
49	b63f0cf9-b394-4c2b-b25f-16745fd00ae6	SUCCESS	application/json	utf-8	null	2023-10-26 14:57:46.88642+03	\N	{"children": []}	\N	\N	\N	\N	2023-10-26 14:57:46.383729+03	\N
\.


--
-- Data for Name: django_content_type; Type: TABLE DATA; Schema: public; Owner: deploy
--

COPY public.django_content_type (id, app_label, model) FROM stdin;
1	admin_interface	theme
2	admin	logentry
3	auth	permission
4	auth	group
5	auth	user
6	contenttypes	contenttype
7	sessions	session
8	extensions	profile
9	resources	branch
10	resources	company
11	resources	website
12	resources	websiteurl
13	resources	websiteimage
14	resources	websitecontact
15	resources	websitecard
16	resources	negativemessagetag
17	resources	positivereview
18	resources	negativereview
19	resources	negativemessage
20	django_celery_results	taskresult
21	django_celery_results	chordcounter
22	django_celery_results	groupresult
23	resources	notification
\.


--
-- Data for Name: django_migrations; Type: TABLE DATA; Schema: public; Owner: deploy
--

COPY public.django_migrations (id, app, name, applied) FROM stdin;
1	contenttypes	0001_initial	2023-10-22 02:16:11.721794+03
2	auth	0001_initial	2023-10-22 02:16:11.868969+03
3	admin	0001_initial	2023-10-22 02:16:11.903647+03
4	admin	0002_logentry_remove_auto_add	2023-10-22 02:16:11.915387+03
5	admin	0003_logentry_add_action_flag_choices	2023-10-22 02:16:11.925935+03
6	admin_interface	0001_initial	2023-10-22 02:16:11.938414+03
7	admin_interface	0002_add_related_modal	2023-10-22 02:16:11.960178+03
8	admin_interface	0003_add_logo_color	2023-10-22 02:16:11.969728+03
9	admin_interface	0004_rename_title_color	2023-10-22 02:16:11.976073+03
10	admin_interface	0005_add_recent_actions_visible	2023-10-22 02:16:11.982584+03
11	admin_interface	0006_bytes_to_str	2023-10-22 02:16:12.052217+03
12	admin_interface	0007_add_favicon	2023-10-22 02:16:12.059002+03
13	admin_interface	0008_change_related_modal_background_opacity_type	2023-10-22 02:16:12.068387+03
14	admin_interface	0009_add_enviroment	2023-10-22 02:16:12.078741+03
15	admin_interface	0010_add_localization	2023-10-22 02:16:12.097788+03
16	admin_interface	0011_add_environment_options	2023-10-22 02:16:12.122142+03
17	admin_interface	0012_update_verbose_names	2023-10-22 02:16:12.13091+03
18	admin_interface	0013_add_related_modal_close_button	2023-10-22 02:16:12.138323+03
19	admin_interface	0014_name_unique	2023-10-22 02:16:12.149799+03
20	admin_interface	0015_add_language_chooser_active	2023-10-22 02:16:12.156739+03
21	admin_interface	0016_add_language_chooser_display	2023-10-22 02:16:12.163776+03
22	admin_interface	0017_change_list_filter_dropdown	2023-10-22 02:16:12.170047+03
23	admin_interface	0018_theme_list_filter_sticky	2023-10-22 02:16:12.177179+03
24	admin_interface	0019_add_form_sticky	2023-10-22 02:16:12.188531+03
25	admin_interface	0020_module_selected_colors	2023-10-22 02:16:12.209923+03
26	admin_interface	0021_file_extension_validator	2023-10-22 02:16:12.223382+03
27	admin_interface	0022_add_logo_max_width_and_height	2023-10-22 02:16:12.267711+03
28	admin_interface	0023_theme_foldable_apps	2023-10-22 02:16:12.275755+03
29	admin_interface	0024_remove_theme_css	2023-10-22 02:16:12.282541+03
30	admin_interface	0025_theme_language_chooser_control	2023-10-22 02:16:12.289974+03
31	admin_interface	0026_theme_list_filter_highlight	2023-10-22 02:16:12.297476+03
32	admin_interface	0027_theme_list_filter_removal_links	2023-10-22 02:16:12.305028+03
33	admin_interface	0028_theme_show_fieldsets_as_tabs_and_more	2023-10-22 02:16:12.316643+03
34	admin_interface	0029_theme_css_generic_link_active_color	2023-10-22 02:16:12.324366+03
35	admin_interface	0030_theme_collapsible_stacked_inlines_and_more	2023-10-22 02:16:12.34481+03
36	contenttypes	0002_remove_content_type_name	2023-10-22 02:16:12.370856+03
37	auth	0002_alter_permission_name_max_length	2023-10-22 02:16:12.382143+03
38	auth	0003_alter_user_email_max_length	2023-10-22 02:16:12.393684+03
39	auth	0004_alter_user_username_opts	2023-10-22 02:16:12.404408+03
40	auth	0005_alter_user_last_login_null	2023-10-22 02:16:12.415643+03
41	auth	0006_require_contenttypes_0002	2023-10-22 02:16:12.418926+03
42	auth	0007_alter_validators_add_error_messages	2023-10-22 02:16:12.4293+03
43	auth	0008_alter_user_username_max_length	2023-10-22 02:16:12.444854+03
44	auth	0009_alter_user_last_name_max_length	2023-10-22 02:16:12.457793+03
45	auth	0010_alter_group_name_max_length	2023-10-22 02:16:12.470231+03
46	auth	0011_update_proxy_permissions	2023-10-22 02:16:12.483705+03
47	auth	0012_alter_user_first_name_max_length	2023-10-22 02:16:12.495095+03
48	extensions	0001_initial	2023-10-22 02:16:12.517759+03
49	resources	0001_initial	2023-10-22 02:16:12.736969+03
50	resources	0002_negativemessagetag_positivereview_negativereview_and_more	2023-10-22 02:16:12.855616+03
51	resources	0003_alter_positivereview_table	2023-10-22 02:16:12.87276+03
52	sessions	0001_initial	2023-10-22 02:16:12.893055+03
53	django_celery_results	0001_initial	2023-10-23 11:38:50.880545+03
54	django_celery_results	0002_add_task_name_args_kwargs	2023-10-23 11:38:50.892752+03
55	django_celery_results	0003_auto_20181106_1101	2023-10-23 11:38:50.898466+03
56	django_celery_results	0004_auto_20190516_0412	2023-10-23 11:38:50.940728+03
57	django_celery_results	0005_taskresult_worker	2023-10-23 11:38:50.953204+03
58	django_celery_results	0006_taskresult_date_created	2023-10-23 11:38:50.991044+03
59	django_celery_results	0007_remove_taskresult_hidden	2023-10-23 11:38:50.997481+03
60	django_celery_results	0008_chordcounter	2023-10-23 11:38:51.014604+03
61	django_celery_results	0009_groupresult	2023-10-23 11:38:51.15882+03
62	django_celery_results	0010_remove_duplicate_indices	2023-10-23 11:38:51.17019+03
63	django_celery_results	0011_taskresult_periodic_task_name	2023-10-23 11:38:51.177662+03
64	extensions	0002_profile_telegram_id	2023-10-23 11:38:51.193193+03
65	extensions	0003_alter_profile_telegram_id	2023-10-23 11:38:51.209277+03
66	extensions	0004_alter_profile_telegram_id	2023-10-23 12:17:14.850164+03
67	resources	0004_rename_user_company_users	2023-10-25 04:02:10.02432+03
68	resources	0005_notification	2023-10-26 01:22:19.035719+03
69	resources	0006_notification_negative_message	2023-10-26 01:22:19.074557+03
70	resources	0007_alter_notification_negative_message	2023-10-26 01:22:19.1616+03
71	resources	0008_alter_notification_negative_message	2023-10-26 01:22:19.204246+03
72	resources	0009_alter_notification_negative_message	2023-10-26 01:22:19.258429+03
73	resources	0010_alter_notification_url	2023-10-26 14:56:04.575943+03
\.


--
-- Data for Name: django_session; Type: TABLE DATA; Schema: public; Owner: deploy
--

COPY public.django_session (session_key, session_data, expire_date) FROM stdin;
auqfxw35p8ga2016s4tyyqnqz9fh8x69	.eJxVjEsOwjAMBe-SNYpqsGnMkn3PENlxQgsolfpZIe4OlbqA7ZuZ93JR1qWP65ynOJi7OHCH300lPXLdgN2l3kafxrpMg_pN8TudfTdafl539--gl7n_1i1RSRIgoCEZKwGfWgTWo5kQc1MscKYmQGlaPIsm0GCpMHJBBXTvD9V6N74:1quqoB:lEv2FG4BgDNfpjiA4mo1Kayd_LRE9suFwfPzvnitszM	2023-11-06 12:01:11.121273+03
x7m12od59m6fr9wf305stwn1n0wmnqbf	.eJxVjMsOwiAQRf-FtSEgb5fu-w1kYAapGkhKuzL-uzbpQrf3nHNfLMK21rgNWuKM7MIUO_1uCfKD2g7wDu3Wee5tXebEd4UfdPCpIz2vh_t3UGHUb12c8IkCGpMkSl-kcgF1CCCFoizJWmOL9fqMOUkBwitrCjgntCZUWrH3B9oFN0s:1qutHW:gncEkdBNbVswdmNnkCmSv-jygD6kpAZHuPPFIPMmbrk	2023-11-06 14:39:38.113302+03
mwtmw2mldmwf6wnko8bvnsoli8wumcja	.eJxVjEsOwjAMBe-SNYqw04_Dkn3PUMWxQwsokZp2hbg7VOoCtm9m3suMYVuncau6jLOYi0Fz-t04xIfmHcg95FuxseR1mdnuij1otUMRfV4P9-9gCnX61gTdOUZP3jcxJZfE9dhgq8zqGWIHjSC3jnp1LUESIFJA7Im9eAdg3h_dlzdb:1qutME:Tv8k9heiAUb26r7ctAS3xDwp9RuWbnN8MTO32ODjyX0	2023-11-06 14:44:30.466232+03
vjlg9d8bsete60msmm4wlyfdz2rktex9	.eJxVjEsOwjAMBe-SNYpqsGnMkn3PENlxQgsolfpZIe4OlbqA7ZuZ93JR1qWP65ynOJi7OHCH300lPXLdgN2l3kafxrpMg_pN8TudfTdafl539--gl7n_1i1RSRIgoCEZKwGfWgTWo5kQc1MscKYmQGlaPIsm0GCpMHJBBXTvD9V6N74:1qwkEh:HPztpLcQbIpyPinxAJup4xfxGyoiJqxmJtZ3p4w5jWU	2023-11-11 17:24:23.125164+03
\.


--
-- Data for Name: extensions_profile; Type: TABLE DATA; Schema: public; Owner: deploy
--

COPY public.extensions_profile (id, api_secret, user_id, telegram_id) FROM stdin;
3	pOiTbkPJ	3	199432674
2	Yg1zm0XL	2	198144626
1	1Uakc1gz	1	5304013231
\.


--
-- Data for Name: resources_branch; Type: TABLE DATA; Schema: public; Owner: deploy
--

COPY public.resources_branch (id, name, company_id) FROM stdin;
1	Орск, улица Гомельская, 4	1
2	Новотроицк, улица Советская, 81 стр. 16	2
3	Орск, проспект Мира, 19	3
4	Краснодар, улица Восточно-Кругликовская, 42/3 кор. 2	4
5	Самара, улица Тухачевсого, 88	5
6	Орск, улица Ленинского Комсомола, 4Б	6
7	Самара, улица Куйбышева, 79	7
8	Самара, улица Буянова, 135Б	7
9	Орск, улица Союзная, 2 стр. В12	8
10	Орск, улица Мира, 21	9
11	Орск, проспект Ленина, 24	10
12	Орск, улица Строителей, 34	11
13	Екатеринбург, проспект Космонавтов, 42	12
14	Орск, улица Станиславского, 52А	13
15	Орск, улица Строителей, 19	14
16	Орск, улица Московская, 18	15
17	Калининград, улица Калужская, 40	16
\.


--
-- Data for Name: resources_company; Type: TABLE DATA; Schema: public; Owner: deploy
--

COPY public.resources_company (id, name) FROM stdin;
1	Anima Yoga Space
2	AR Detailing
3	DmD Недвижимость
4	Kino House
5	KиоCтом
7	PURI
8	Административно-складской комплекс
9	Зебра
10	Форест
13	Фортеция
14	Цветочка
16	Центродент
6	Портрет
15	Цветы от Маяковского
11	Легион
12	Новодент
\.


--
-- Data for Name: resources_company_users; Type: TABLE DATA; Schema: public; Owner: deploy
--

COPY public.resources_company_users (id, company_id, user_id) FROM stdin;
1	6	1
2	6	2
3	6	3
10	15	1
11	15	2
12	15	3
\.


--
-- Data for Name: resources_negative_message; Type: TABLE DATA; Schema: public; Owner: deploy
--

COPY public.resources_negative_message (id, created_at, phone, text, branch_id, company_id) FROM stdin;
33	2023-10-26 14:52:07.418782+03	+7 999 999-99-99	Тест\r\nпереноса\r\nстроки	6	6
34	2023-10-26 14:52:19.830665+03	+7 999 999-99-99	Тест переноса строки	6	6
35	2023-10-26 14:52:25.536881+03	+7 999 999-99-99	Тест	6	6
36	2023-10-26 14:57:46.219484+03	+7 999 999-99-99	Тест\r\nПереноса\r\nСтроки	6	6
\.


--
-- Data for Name: resources_negative_message_negative_message_tag; Type: TABLE DATA; Schema: public; Owner: deploy
--

COPY public.resources_negative_message_negative_message_tag (id, negativemessage_id, negativemessagetag_id) FROM stdin;
43	33	2
44	33	3
45	34	2
46	34	3
47	35	2
48	35	3
49	36	1
50	36	4
\.


--
-- Data for Name: resources_negative_message_tag; Type: TABLE DATA; Schema: public; Owner: deploy
--

COPY public.resources_negative_message_tag (id, text) FROM stdin;
1	Нагрубили
2	Сделали не то
3	Цена
4	Плохое качество
5	Долго
\.


--
-- Data for Name: resources_negative_review; Type: TABLE DATA; Schema: public; Owner: deploy
--

COPY public.resources_negative_review (id, name, text, branch_id, company_id) FROM stdin;
\.


--
-- Data for Name: resources_notification; Type: TABLE DATA; Schema: public; Owner: deploy
--

COPY public.resources_notification (id, initiator, created_at, text, url, company_id, negative_message_id) FROM stdin;
4	PORTRATE_NEGATIVE_MESSAGE	2023-10-26 14:57:46.228038+03	Тест\r\nПереноса\r\nСтроки	\N	6	36
\.


--
-- Data for Name: resources_positive_review; Type: TABLE DATA; Schema: public; Owner: deploy
--

COPY public.resources_positive_review (id, name, text, branch_id, company_id) FROM stdin;
\.


--
-- Data for Name: resources_website; Type: TABLE DATA; Schema: public; Owner: deploy
--

COPY public.resources_website (id, is_published, path, name, specialization, city, address, is_work_at_monday, is_work_at_tuesday, is_work_at_wednesday, is_work_at_thursday, is_work_at_friday, is_work_at_saturday, is_work_at_sunday, monday_schedule, tuesday_schedule, wednesday_schedule, thursday_schedule, friday_schedule, saturday_schedule, sunday_schedule, description, action_button_text, action_button_url, branch_id, company_id) FROM stdin;
1	f	portrate_orsk_lenkoma_4b	Портрет	Геомаркетинг, Автоматизация рассылок	Орск	улица Ленинского Комсомола, 4Б	t	t	f	f	t	t	t	9:00 - 21:00	9:00 - 21:00	-	-	9:00 - 21:00	9:00 - 21:00	9:00 - 21:00	Привлекайте клиентов с помощью отзывов. Автоматизируйте рост позиций вашей компании на картах и в поиске. Бот Портрет собирает обратную связь у ваших клиентов и автоматически подключает вас к диалогу в случае необходимости.	Записаться	/	6	6
2	t	dmd56_orsk_mira_19	DMD недвижимость	Агентво недвижимости	Орск	Проспект Мира 19	t	t	t	f	t	t	t	09:00–18:00	09:00–18:00	09:00–16:00	09:00–16:00	09:00–18:00	09:00–18:00	09:00–18:00	Агенство Недвижимости полного цикла	Записаться	/	3	3
3	t	zebranet_orsk_mira_21	Зебра	Интернет провайдер	Орск	Проспект Мира 21	t	t	t	t	t	t	t	09:00–19:00	09:00–19:00	09:00–17:00	09:00–17:00	09:00–19:00	09:00–19:00	09:00–19:00	Интернет, телевидение, видеонаблюдение	Записаться	/	10	9
4	t	kino_house_kgasnodar_vost_krugl_42	Kino House	Антикинотеатр	Краснодар	Улица Восточно-Кругликовская 42/3 кор.2	t	t	t	t	t	t	t	12:00 - 00:00	12:00 - 00:00	12:00 - 00:00	12:00 - 00:00	12:00 - 00:00	12:00 - 00:00	12:00 - 00:00	Кино House - это 4 Уютных зала для Ярких праздников и комфортного отдыха с друзьями или второй половинкой. И просто яркий отдых со своими друзьями – все это возможно в Кино House. А самое главное всем этим Вы можете насладиться в кругу своих близких и друзей в индивидуальных залах БЕЗ посторонних.	Записаться	/	4	4
\.


--
-- Data for Name: resources_website_card; Type: TABLE DATA; Schema: public; Owner: deploy
--

COPY public.resources_website_card (id, platform, name, value, website_id) FROM stdin;
1	YANDEX	Yandex	https://yandex.ru/maps/org/dmd_nedvizhimost/21556448302/reviews/?add-review=true	2
2	YANDEX	Yandex	https://yandex.ru/maps/org/zebra/93683570405/reviews/?add-review=true	3
3	GOOGLE	Google	https://search.google.ru/local/writereview?placeid=ChIJRW5UrY77f0ERkzTC93Z7GYQ	3
4	GIS	2GIS	https://2gis.ru/orsk/firm/70000001024657024/tab/reviews?writeReview	3
5	YANDEX	Yandex	https://yandex.ru/maps/org/kino_house/79074863783/reviews/?add-review=true	4
6	GIS	2GIS	https://2gis.ru/krasnodar/кино%20хауз%20краснодар/firm/70000001068496324/tab/reviews?writeReview	4
7	GOOGLE	Google	https://search.google.com/local/writereview?placeid=ChIJq0FuYG9F8EARYre0cMYwC7I	4
8	YANDEX	Яндекс	https://yandex.ru/maps/org/portrate/104318468315/?ll=58.357156%2C51.197268&mode=search&sll=58.357156%2C51.197221&source=serp_navig&text=portrate&z=11	1
\.


--
-- Data for Name: resources_website_contact; Type: TABLE DATA; Schema: public; Owner: deploy
--

COPY public.resources_website_contact (id, platform, name, value, website_id) FROM stdin;
1	PHONE	Телефон агенства	73537406080	2
2	EMAIL	Почта для связи	nedvigimost48@mail.ru	2
3	PHONE	Телефон горячей линии	78002226607	3
4	PHONE	Телефон кинотеатра	79094535493	4
5	WHATSAPP	WhatsApp	79094535493	4
6	PHONE	Телефон	+7 (987) 873-22-00	1
\.


--
-- Data for Name: resources_website_image; Type: TABLE DATA; Schema: public; Owner: deploy
--

COPY public.resources_website_image (id, is_logo, sort, file, name, website_id) FROM stdin;
1	t	0	website_images/2023/09/23/logo.png	Лого	1
2	t	0	website_images/2023/09/25/Frame_196.jpg	лого	2
3	f	1	website_images/2023/09/25/Frame_194.jpg	Работа	2
4	f	2	website_images/2023/09/25/Frame_195.jpg	Коллектив	2
5	t	0	website_images/2023/09/25/Frame_197.jpg	Лого	3
6	f	1	website_images/2023/09/25/Frame_199.jpg	Зебра	3
7	f	2	website_images/2023/09/25/Frame_198.jpg	Промо	3
8	t	0	website_images/2023/09/25/s3s6c_WEop4_1_1.jpg	Лого	4
9	f	1	website_images/2023/09/25/Frame_202.jpg	Промо	4
10	f	2	website_images/2023/09/25/Frame_201.jpg	Лес	4
11	f	3	website_images/2023/09/25/Frame_199_dM8XX2P.jpg	Романтик	4
12	f	4	website_images/2023/09/25/Frame_200.jpg	Киберпанк	4
13	f	5	website_images/2023/09/25/Frame_198_1HVLvS8.jpg	Космос	4
14	f	0	website_images/2023/09/27/4.png	Привлекайте новые отзывы	1
15	f	0	website_images/2023/09/25/3_ag9BMMz.png	Сканируйте позиции конкурентов	1
\.


--
-- Data for Name: resources_website_url; Type: TABLE DATA; Schema: public; Owner: deploy
--

COPY public.resources_website_url (id, platform, name, value, website_id) FROM stdin;
1	VK	VK	https://vk.com/an_56	2
2	CUSTOM	Сайт компании	https://dmddom.ru	2
3	VK	VK	https://vk.com/zebranet	3
4	CUSTOM	Вебсайт	www.zebranet.ru	3
5	VK	VK	https://vk.com/kino__house	4
6	CUSTOM	Вебсайт	https://portrate.io	1
7	YOUTUBE	Ютьюб	https://youtube.com/@portrate_io	1
\.


--
-- Name: admin_interface_theme_id_seq; Type: SEQUENCE SET; Schema: public; Owner: deploy
--

SELECT pg_catalog.setval('public.admin_interface_theme_id_seq', 1, true);


--
-- Name: auth_group_id_seq; Type: SEQUENCE SET; Schema: public; Owner: deploy
--

SELECT pg_catalog.setval('public.auth_group_id_seq', 1, false);


--
-- Name: auth_group_permissions_id_seq; Type: SEQUENCE SET; Schema: public; Owner: deploy
--

SELECT pg_catalog.setval('public.auth_group_permissions_id_seq', 1, false);


--
-- Name: auth_permission_id_seq; Type: SEQUENCE SET; Schema: public; Owner: deploy
--

SELECT pg_catalog.setval('public.auth_permission_id_seq', 92, true);


--
-- Name: auth_user_groups_id_seq; Type: SEQUENCE SET; Schema: public; Owner: deploy
--

SELECT pg_catalog.setval('public.auth_user_groups_id_seq', 1, false);


--
-- Name: auth_user_id_seq; Type: SEQUENCE SET; Schema: public; Owner: deploy
--

SELECT pg_catalog.setval('public.auth_user_id_seq', 3, true);


--
-- Name: auth_user_user_permissions_id_seq; Type: SEQUENCE SET; Schema: public; Owner: deploy
--

SELECT pg_catalog.setval('public.auth_user_user_permissions_id_seq', 1, false);


--
-- Name: django_admin_log_id_seq; Type: SEQUENCE SET; Schema: public; Owner: deploy
--

SELECT pg_catalog.setval('public.django_admin_log_id_seq', 93, true);


--
-- Name: django_celery_results_chordcounter_id_seq; Type: SEQUENCE SET; Schema: public; Owner: deploy
--

SELECT pg_catalog.setval('public.django_celery_results_chordcounter_id_seq', 1, false);


--
-- Name: django_celery_results_groupresult_id_seq; Type: SEQUENCE SET; Schema: public; Owner: deploy
--

SELECT pg_catalog.setval('public.django_celery_results_groupresult_id_seq', 1, false);


--
-- Name: django_celery_results_taskresult_id_seq; Type: SEQUENCE SET; Schema: public; Owner: deploy
--

SELECT pg_catalog.setval('public.django_celery_results_taskresult_id_seq', 50, true);


--
-- Name: django_content_type_id_seq; Type: SEQUENCE SET; Schema: public; Owner: deploy
--

SELECT pg_catalog.setval('public.django_content_type_id_seq', 23, true);


--
-- Name: django_migrations_id_seq; Type: SEQUENCE SET; Schema: public; Owner: deploy
--

SELECT pg_catalog.setval('public.django_migrations_id_seq', 73, true);


--
-- Name: extensions_profile_id_seq; Type: SEQUENCE SET; Schema: public; Owner: deploy
--

SELECT pg_catalog.setval('public.extensions_profile_id_seq', 3, true);


--
-- Name: feedback_positive_review_id_seq; Type: SEQUENCE SET; Schema: public; Owner: deploy
--

SELECT pg_catalog.setval('public.feedback_positive_review_id_seq', 1, false);


--
-- Name: resources_branch_id_seq; Type: SEQUENCE SET; Schema: public; Owner: deploy
--

SELECT pg_catalog.setval('public.resources_branch_id_seq', 1, false);


--
-- Name: resources_company_id_seq; Type: SEQUENCE SET; Schema: public; Owner: deploy
--

SELECT pg_catalog.setval('public.resources_company_id_seq', 1, false);


--
-- Name: resources_company_user_id_seq; Type: SEQUENCE SET; Schema: public; Owner: deploy
--

SELECT pg_catalog.setval('public.resources_company_user_id_seq', 12, true);


--
-- Name: resources_negative_message_id_seq; Type: SEQUENCE SET; Schema: public; Owner: deploy
--

SELECT pg_catalog.setval('public.resources_negative_message_id_seq', 36, true);


--
-- Name: resources_negative_message_negative_message_tag_id_seq; Type: SEQUENCE SET; Schema: public; Owner: deploy
--

SELECT pg_catalog.setval('public.resources_negative_message_negative_message_tag_id_seq', 50, true);


--
-- Name: resources_negative_message_tag_id_seq; Type: SEQUENCE SET; Schema: public; Owner: deploy
--

SELECT pg_catalog.setval('public.resources_negative_message_tag_id_seq', 1, false);


--
-- Name: resources_negative_review_id_seq; Type: SEQUENCE SET; Schema: public; Owner: deploy
--

SELECT pg_catalog.setval('public.resources_negative_review_id_seq', 1, false);


--
-- Name: resources_notification_id_seq; Type: SEQUENCE SET; Schema: public; Owner: deploy
--

SELECT pg_catalog.setval('public.resources_notification_id_seq', 4, true);


--
-- Name: resources_website_card_id_seq; Type: SEQUENCE SET; Schema: public; Owner: deploy
--

SELECT pg_catalog.setval('public.resources_website_card_id_seq', 1, false);


--
-- Name: resources_website_contact_id_seq; Type: SEQUENCE SET; Schema: public; Owner: deploy
--

SELECT pg_catalog.setval('public.resources_website_contact_id_seq', 1, false);


--
-- Name: resources_website_id_seq; Type: SEQUENCE SET; Schema: public; Owner: deploy
--

SELECT pg_catalog.setval('public.resources_website_id_seq', 1, false);


--
-- Name: resources_website_image_id_seq; Type: SEQUENCE SET; Schema: public; Owner: deploy
--

SELECT pg_catalog.setval('public.resources_website_image_id_seq', 1, false);


--
-- Name: resources_website_url_id_seq; Type: SEQUENCE SET; Schema: public; Owner: deploy
--

SELECT pg_catalog.setval('public.resources_website_url_id_seq', 1, false);


--
-- Name: admin_interface_theme admin_interface_theme_name_30bda70f_uniq; Type: CONSTRAINT; Schema: public; Owner: deploy
--

ALTER TABLE ONLY public.admin_interface_theme
    ADD CONSTRAINT admin_interface_theme_name_30bda70f_uniq UNIQUE (name);


--
-- Name: admin_interface_theme admin_interface_theme_pkey; Type: CONSTRAINT; Schema: public; Owner: deploy
--

ALTER TABLE ONLY public.admin_interface_theme
    ADD CONSTRAINT admin_interface_theme_pkey PRIMARY KEY (id);


--
-- Name: auth_group auth_group_name_key; Type: CONSTRAINT; Schema: public; Owner: deploy
--

ALTER TABLE ONLY public.auth_group
    ADD CONSTRAINT auth_group_name_key UNIQUE (name);


--
-- Name: auth_group_permissions auth_group_permissions_group_id_permission_id_0cd325b0_uniq; Type: CONSTRAINT; Schema: public; Owner: deploy
--

ALTER TABLE ONLY public.auth_group_permissions
    ADD CONSTRAINT auth_group_permissions_group_id_permission_id_0cd325b0_uniq UNIQUE (group_id, permission_id);


--
-- Name: auth_group_permissions auth_group_permissions_pkey; Type: CONSTRAINT; Schema: public; Owner: deploy
--

ALTER TABLE ONLY public.auth_group_permissions
    ADD CONSTRAINT auth_group_permissions_pkey PRIMARY KEY (id);


--
-- Name: auth_group auth_group_pkey; Type: CONSTRAINT; Schema: public; Owner: deploy
--

ALTER TABLE ONLY public.auth_group
    ADD CONSTRAINT auth_group_pkey PRIMARY KEY (id);


--
-- Name: auth_permission auth_permission_content_type_id_codename_01ab375a_uniq; Type: CONSTRAINT; Schema: public; Owner: deploy
--

ALTER TABLE ONLY public.auth_permission
    ADD CONSTRAINT auth_permission_content_type_id_codename_01ab375a_uniq UNIQUE (content_type_id, codename);


--
-- Name: auth_permission auth_permission_pkey; Type: CONSTRAINT; Schema: public; Owner: deploy
--

ALTER TABLE ONLY public.auth_permission
    ADD CONSTRAINT auth_permission_pkey PRIMARY KEY (id);


--
-- Name: auth_user_groups auth_user_groups_pkey; Type: CONSTRAINT; Schema: public; Owner: deploy
--

ALTER TABLE ONLY public.auth_user_groups
    ADD CONSTRAINT auth_user_groups_pkey PRIMARY KEY (id);


--
-- Name: auth_user_groups auth_user_groups_user_id_group_id_94350c0c_uniq; Type: CONSTRAINT; Schema: public; Owner: deploy
--

ALTER TABLE ONLY public.auth_user_groups
    ADD CONSTRAINT auth_user_groups_user_id_group_id_94350c0c_uniq UNIQUE (user_id, group_id);


--
-- Name: auth_user auth_user_pkey; Type: CONSTRAINT; Schema: public; Owner: deploy
--

ALTER TABLE ONLY public.auth_user
    ADD CONSTRAINT auth_user_pkey PRIMARY KEY (id);


--
-- Name: auth_user_user_permissions auth_user_user_permissions_pkey; Type: CONSTRAINT; Schema: public; Owner: deploy
--

ALTER TABLE ONLY public.auth_user_user_permissions
    ADD CONSTRAINT auth_user_user_permissions_pkey PRIMARY KEY (id);


--
-- Name: auth_user_user_permissions auth_user_user_permissions_user_id_permission_id_14a6b632_uniq; Type: CONSTRAINT; Schema: public; Owner: deploy
--

ALTER TABLE ONLY public.auth_user_user_permissions
    ADD CONSTRAINT auth_user_user_permissions_user_id_permission_id_14a6b632_uniq UNIQUE (user_id, permission_id);


--
-- Name: auth_user auth_user_username_key; Type: CONSTRAINT; Schema: public; Owner: deploy
--

ALTER TABLE ONLY public.auth_user
    ADD CONSTRAINT auth_user_username_key UNIQUE (username);


--
-- Name: django_admin_log django_admin_log_pkey; Type: CONSTRAINT; Schema: public; Owner: deploy
--

ALTER TABLE ONLY public.django_admin_log
    ADD CONSTRAINT django_admin_log_pkey PRIMARY KEY (id);


--
-- Name: django_celery_results_chordcounter django_celery_results_chordcounter_group_id_key; Type: CONSTRAINT; Schema: public; Owner: deploy
--

ALTER TABLE ONLY public.django_celery_results_chordcounter
    ADD CONSTRAINT django_celery_results_chordcounter_group_id_key UNIQUE (group_id);


--
-- Name: django_celery_results_chordcounter django_celery_results_chordcounter_pkey; Type: CONSTRAINT; Schema: public; Owner: deploy
--

ALTER TABLE ONLY public.django_celery_results_chordcounter
    ADD CONSTRAINT django_celery_results_chordcounter_pkey PRIMARY KEY (id);


--
-- Name: django_celery_results_groupresult django_celery_results_groupresult_group_id_key; Type: CONSTRAINT; Schema: public; Owner: deploy
--

ALTER TABLE ONLY public.django_celery_results_groupresult
    ADD CONSTRAINT django_celery_results_groupresult_group_id_key UNIQUE (group_id);


--
-- Name: django_celery_results_groupresult django_celery_results_groupresult_pkey; Type: CONSTRAINT; Schema: public; Owner: deploy
--

ALTER TABLE ONLY public.django_celery_results_groupresult
    ADD CONSTRAINT django_celery_results_groupresult_pkey PRIMARY KEY (id);


--
-- Name: django_celery_results_taskresult django_celery_results_taskresult_pkey; Type: CONSTRAINT; Schema: public; Owner: deploy
--

ALTER TABLE ONLY public.django_celery_results_taskresult
    ADD CONSTRAINT django_celery_results_taskresult_pkey PRIMARY KEY (id);


--
-- Name: django_celery_results_taskresult django_celery_results_taskresult_task_id_key; Type: CONSTRAINT; Schema: public; Owner: deploy
--

ALTER TABLE ONLY public.django_celery_results_taskresult
    ADD CONSTRAINT django_celery_results_taskresult_task_id_key UNIQUE (task_id);


--
-- Name: django_content_type django_content_type_app_label_model_76bd3d3b_uniq; Type: CONSTRAINT; Schema: public; Owner: deploy
--

ALTER TABLE ONLY public.django_content_type
    ADD CONSTRAINT django_content_type_app_label_model_76bd3d3b_uniq UNIQUE (app_label, model);


--
-- Name: django_content_type django_content_type_pkey; Type: CONSTRAINT; Schema: public; Owner: deploy
--

ALTER TABLE ONLY public.django_content_type
    ADD CONSTRAINT django_content_type_pkey PRIMARY KEY (id);


--
-- Name: django_migrations django_migrations_pkey; Type: CONSTRAINT; Schema: public; Owner: deploy
--

ALTER TABLE ONLY public.django_migrations
    ADD CONSTRAINT django_migrations_pkey PRIMARY KEY (id);


--
-- Name: django_session django_session_pkey; Type: CONSTRAINT; Schema: public; Owner: deploy
--

ALTER TABLE ONLY public.django_session
    ADD CONSTRAINT django_session_pkey PRIMARY KEY (session_key);


--
-- Name: extensions_profile extensions_profile_pkey; Type: CONSTRAINT; Schema: public; Owner: deploy
--

ALTER TABLE ONLY public.extensions_profile
    ADD CONSTRAINT extensions_profile_pkey PRIMARY KEY (id);


--
-- Name: extensions_profile extensions_profile_user_id_key; Type: CONSTRAINT; Schema: public; Owner: deploy
--

ALTER TABLE ONLY public.extensions_profile
    ADD CONSTRAINT extensions_profile_user_id_key UNIQUE (user_id);


--
-- Name: resources_positive_review feedback_positive_review_pkey; Type: CONSTRAINT; Schema: public; Owner: deploy
--

ALTER TABLE ONLY public.resources_positive_review
    ADD CONSTRAINT feedback_positive_review_pkey PRIMARY KEY (id);


--
-- Name: resources_branch resources_branch_pkey; Type: CONSTRAINT; Schema: public; Owner: deploy
--

ALTER TABLE ONLY public.resources_branch
    ADD CONSTRAINT resources_branch_pkey PRIMARY KEY (id);


--
-- Name: resources_company resources_company_pkey; Type: CONSTRAINT; Schema: public; Owner: deploy
--

ALTER TABLE ONLY public.resources_company
    ADD CONSTRAINT resources_company_pkey PRIMARY KEY (id);


--
-- Name: resources_company_users resources_company_user_company_id_user_id_55f56ca1_uniq; Type: CONSTRAINT; Schema: public; Owner: deploy
--

ALTER TABLE ONLY public.resources_company_users
    ADD CONSTRAINT resources_company_user_company_id_user_id_55f56ca1_uniq UNIQUE (company_id, user_id);


--
-- Name: resources_company_users resources_company_user_pkey; Type: CONSTRAINT; Schema: public; Owner: deploy
--

ALTER TABLE ONLY public.resources_company_users
    ADD CONSTRAINT resources_company_user_pkey PRIMARY KEY (id);


--
-- Name: resources_negative_message_negative_message_tag resources_negative_messa_negativemessage_id_negat_898e34fc_uniq; Type: CONSTRAINT; Schema: public; Owner: deploy
--

ALTER TABLE ONLY public.resources_negative_message_negative_message_tag
    ADD CONSTRAINT resources_negative_messa_negativemessage_id_negat_898e34fc_uniq UNIQUE (negativemessage_id, negativemessagetag_id);


--
-- Name: resources_negative_message_negative_message_tag resources_negative_message_negative_message_tag_pkey; Type: CONSTRAINT; Schema: public; Owner: deploy
--

ALTER TABLE ONLY public.resources_negative_message_negative_message_tag
    ADD CONSTRAINT resources_negative_message_negative_message_tag_pkey PRIMARY KEY (id);


--
-- Name: resources_negative_message resources_negative_message_pkey; Type: CONSTRAINT; Schema: public; Owner: deploy
--

ALTER TABLE ONLY public.resources_negative_message
    ADD CONSTRAINT resources_negative_message_pkey PRIMARY KEY (id);


--
-- Name: resources_negative_message_tag resources_negative_message_tag_pkey; Type: CONSTRAINT; Schema: public; Owner: deploy
--

ALTER TABLE ONLY public.resources_negative_message_tag
    ADD CONSTRAINT resources_negative_message_tag_pkey PRIMARY KEY (id);


--
-- Name: resources_negative_review resources_negative_review_pkey; Type: CONSTRAINT; Schema: public; Owner: deploy
--

ALTER TABLE ONLY public.resources_negative_review
    ADD CONSTRAINT resources_negative_review_pkey PRIMARY KEY (id);


--
-- Name: resources_notification resources_notification_negative_message_id_4ef1737d_uniq; Type: CONSTRAINT; Schema: public; Owner: deploy
--

ALTER TABLE ONLY public.resources_notification
    ADD CONSTRAINT resources_notification_negative_message_id_4ef1737d_uniq UNIQUE (negative_message_id);


--
-- Name: resources_notification resources_notification_pkey; Type: CONSTRAINT; Schema: public; Owner: deploy
--

ALTER TABLE ONLY public.resources_notification
    ADD CONSTRAINT resources_notification_pkey PRIMARY KEY (id);


--
-- Name: resources_website resources_website_branch_id_key; Type: CONSTRAINT; Schema: public; Owner: deploy
--

ALTER TABLE ONLY public.resources_website
    ADD CONSTRAINT resources_website_branch_id_key UNIQUE (branch_id);


--
-- Name: resources_website_card resources_website_card_pkey; Type: CONSTRAINT; Schema: public; Owner: deploy
--

ALTER TABLE ONLY public.resources_website_card
    ADD CONSTRAINT resources_website_card_pkey PRIMARY KEY (id);


--
-- Name: resources_website_contact resources_website_contact_pkey; Type: CONSTRAINT; Schema: public; Owner: deploy
--

ALTER TABLE ONLY public.resources_website_contact
    ADD CONSTRAINT resources_website_contact_pkey PRIMARY KEY (id);


--
-- Name: resources_website_image resources_website_image_pkey; Type: CONSTRAINT; Schema: public; Owner: deploy
--

ALTER TABLE ONLY public.resources_website_image
    ADD CONSTRAINT resources_website_image_pkey PRIMARY KEY (id);


--
-- Name: resources_website resources_website_path_key; Type: CONSTRAINT; Schema: public; Owner: deploy
--

ALTER TABLE ONLY public.resources_website
    ADD CONSTRAINT resources_website_path_key UNIQUE (path);


--
-- Name: resources_website resources_website_pkey; Type: CONSTRAINT; Schema: public; Owner: deploy
--

ALTER TABLE ONLY public.resources_website
    ADD CONSTRAINT resources_website_pkey PRIMARY KEY (id);


--
-- Name: resources_website_url resources_website_url_pkey; Type: CONSTRAINT; Schema: public; Owner: deploy
--

ALTER TABLE ONLY public.resources_website_url
    ADD CONSTRAINT resources_website_url_pkey PRIMARY KEY (id);


--
-- Name: admin_interface_theme_name_30bda70f_like; Type: INDEX; Schema: public; Owner: deploy
--

CREATE INDEX admin_interface_theme_name_30bda70f_like ON public.admin_interface_theme USING btree (name varchar_pattern_ops);


--
-- Name: auth_group_name_a6ea08ec_like; Type: INDEX; Schema: public; Owner: deploy
--

CREATE INDEX auth_group_name_a6ea08ec_like ON public.auth_group USING btree (name varchar_pattern_ops);


--
-- Name: auth_group_permissions_group_id_b120cbf9; Type: INDEX; Schema: public; Owner: deploy
--

CREATE INDEX auth_group_permissions_group_id_b120cbf9 ON public.auth_group_permissions USING btree (group_id);


--
-- Name: auth_group_permissions_permission_id_84c5c92e; Type: INDEX; Schema: public; Owner: deploy
--

CREATE INDEX auth_group_permissions_permission_id_84c5c92e ON public.auth_group_permissions USING btree (permission_id);


--
-- Name: auth_permission_content_type_id_2f476e4b; Type: INDEX; Schema: public; Owner: deploy
--

CREATE INDEX auth_permission_content_type_id_2f476e4b ON public.auth_permission USING btree (content_type_id);


--
-- Name: auth_user_groups_group_id_97559544; Type: INDEX; Schema: public; Owner: deploy
--

CREATE INDEX auth_user_groups_group_id_97559544 ON public.auth_user_groups USING btree (group_id);


--
-- Name: auth_user_groups_user_id_6a12ed8b; Type: INDEX; Schema: public; Owner: deploy
--

CREATE INDEX auth_user_groups_user_id_6a12ed8b ON public.auth_user_groups USING btree (user_id);


--
-- Name: auth_user_user_permissions_permission_id_1fbb5f2c; Type: INDEX; Schema: public; Owner: deploy
--

CREATE INDEX auth_user_user_permissions_permission_id_1fbb5f2c ON public.auth_user_user_permissions USING btree (permission_id);


--
-- Name: auth_user_user_permissions_user_id_a95ead1b; Type: INDEX; Schema: public; Owner: deploy
--

CREATE INDEX auth_user_user_permissions_user_id_a95ead1b ON public.auth_user_user_permissions USING btree (user_id);


--
-- Name: auth_user_username_6821ab7c_like; Type: INDEX; Schema: public; Owner: deploy
--

CREATE INDEX auth_user_username_6821ab7c_like ON public.auth_user USING btree (username varchar_pattern_ops);


--
-- Name: django_admin_log_content_type_id_c4bce8eb; Type: INDEX; Schema: public; Owner: deploy
--

CREATE INDEX django_admin_log_content_type_id_c4bce8eb ON public.django_admin_log USING btree (content_type_id);


--
-- Name: django_admin_log_user_id_c564eba6; Type: INDEX; Schema: public; Owner: deploy
--

CREATE INDEX django_admin_log_user_id_c564eba6 ON public.django_admin_log USING btree (user_id);


--
-- Name: django_cele_date_cr_bd6c1d_idx; Type: INDEX; Schema: public; Owner: deploy
--

CREATE INDEX django_cele_date_cr_bd6c1d_idx ON public.django_celery_results_groupresult USING btree (date_created);


--
-- Name: django_cele_date_cr_f04a50_idx; Type: INDEX; Schema: public; Owner: deploy
--

CREATE INDEX django_cele_date_cr_f04a50_idx ON public.django_celery_results_taskresult USING btree (date_created);


--
-- Name: django_cele_date_do_caae0e_idx; Type: INDEX; Schema: public; Owner: deploy
--

CREATE INDEX django_cele_date_do_caae0e_idx ON public.django_celery_results_groupresult USING btree (date_done);


--
-- Name: django_cele_date_do_f59aad_idx; Type: INDEX; Schema: public; Owner: deploy
--

CREATE INDEX django_cele_date_do_f59aad_idx ON public.django_celery_results_taskresult USING btree (date_done);


--
-- Name: django_cele_status_9b6201_idx; Type: INDEX; Schema: public; Owner: deploy
--

CREATE INDEX django_cele_status_9b6201_idx ON public.django_celery_results_taskresult USING btree (status);


--
-- Name: django_cele_task_na_08aec9_idx; Type: INDEX; Schema: public; Owner: deploy
--

CREATE INDEX django_cele_task_na_08aec9_idx ON public.django_celery_results_taskresult USING btree (task_name);


--
-- Name: django_cele_worker_d54dd8_idx; Type: INDEX; Schema: public; Owner: deploy
--

CREATE INDEX django_cele_worker_d54dd8_idx ON public.django_celery_results_taskresult USING btree (worker);


--
-- Name: django_celery_results_chordcounter_group_id_1f70858c_like; Type: INDEX; Schema: public; Owner: deploy
--

CREATE INDEX django_celery_results_chordcounter_group_id_1f70858c_like ON public.django_celery_results_chordcounter USING btree (group_id varchar_pattern_ops);


--
-- Name: django_celery_results_groupresult_group_id_a085f1a9_like; Type: INDEX; Schema: public; Owner: deploy
--

CREATE INDEX django_celery_results_groupresult_group_id_a085f1a9_like ON public.django_celery_results_groupresult USING btree (group_id varchar_pattern_ops);


--
-- Name: django_celery_results_taskresult_task_id_de0d95bf_like; Type: INDEX; Schema: public; Owner: deploy
--

CREATE INDEX django_celery_results_taskresult_task_id_de0d95bf_like ON public.django_celery_results_taskresult USING btree (task_id varchar_pattern_ops);


--
-- Name: django_session_expire_date_a5c62663; Type: INDEX; Schema: public; Owner: deploy
--

CREATE INDEX django_session_expire_date_a5c62663 ON public.django_session USING btree (expire_date);


--
-- Name: django_session_session_key_c0390e0f_like; Type: INDEX; Schema: public; Owner: deploy
--

CREATE INDEX django_session_session_key_c0390e0f_like ON public.django_session USING btree (session_key varchar_pattern_ops);


--
-- Name: feedback_positive_review_branch_id_84afbf9e; Type: INDEX; Schema: public; Owner: deploy
--

CREATE INDEX feedback_positive_review_branch_id_84afbf9e ON public.resources_positive_review USING btree (branch_id);


--
-- Name: feedback_positive_review_company_id_4a861f46; Type: INDEX; Schema: public; Owner: deploy
--

CREATE INDEX feedback_positive_review_company_id_4a861f46 ON public.resources_positive_review USING btree (company_id);


--
-- Name: resources_branch_company_id_0ee64147; Type: INDEX; Schema: public; Owner: deploy
--

CREATE INDEX resources_branch_company_id_0ee64147 ON public.resources_branch USING btree (company_id);


--
-- Name: resources_company_user_company_id_96cad353; Type: INDEX; Schema: public; Owner: deploy
--

CREATE INDEX resources_company_user_company_id_96cad353 ON public.resources_company_users USING btree (company_id);


--
-- Name: resources_company_user_user_id_b69b25f9; Type: INDEX; Schema: public; Owner: deploy
--

CREATE INDEX resources_company_user_user_id_b69b25f9 ON public.resources_company_users USING btree (user_id);


--
-- Name: resources_negative_message_branch_id_772d6205; Type: INDEX; Schema: public; Owner: deploy
--

CREATE INDEX resources_negative_message_branch_id_772d6205 ON public.resources_negative_message USING btree (branch_id);


--
-- Name: resources_negative_message_company_id_e341bf92; Type: INDEX; Schema: public; Owner: deploy
--

CREATE INDEX resources_negative_message_company_id_e341bf92 ON public.resources_negative_message USING btree (company_id);


--
-- Name: resources_negative_message_negativemessage_id_0224dd27; Type: INDEX; Schema: public; Owner: deploy
--

CREATE INDEX resources_negative_message_negativemessage_id_0224dd27 ON public.resources_negative_message_negative_message_tag USING btree (negativemessage_id);


--
-- Name: resources_negative_message_negativemessagetag_id_15e2ae79; Type: INDEX; Schema: public; Owner: deploy
--

CREATE INDEX resources_negative_message_negativemessagetag_id_15e2ae79 ON public.resources_negative_message_negative_message_tag USING btree (negativemessagetag_id);


--
-- Name: resources_negative_review_branch_id_b4302365; Type: INDEX; Schema: public; Owner: deploy
--

CREATE INDEX resources_negative_review_branch_id_b4302365 ON public.resources_negative_review USING btree (branch_id);


--
-- Name: resources_negative_review_company_id_ff10a7ac; Type: INDEX; Schema: public; Owner: deploy
--

CREATE INDEX resources_negative_review_company_id_ff10a7ac ON public.resources_negative_review USING btree (company_id);


--
-- Name: resources_notification_company_id_fa77b1c8; Type: INDEX; Schema: public; Owner: deploy
--

CREATE INDEX resources_notification_company_id_fa77b1c8 ON public.resources_notification USING btree (company_id);


--
-- Name: resources_website_card_website_id_74db1f74; Type: INDEX; Schema: public; Owner: deploy
--

CREATE INDEX resources_website_card_website_id_74db1f74 ON public.resources_website_card USING btree (website_id);


--
-- Name: resources_website_company_id_2522b673; Type: INDEX; Schema: public; Owner: deploy
--

CREATE INDEX resources_website_company_id_2522b673 ON public.resources_website USING btree (company_id);


--
-- Name: resources_website_contact_website_id_9ae52dbc; Type: INDEX; Schema: public; Owner: deploy
--

CREATE INDEX resources_website_contact_website_id_9ae52dbc ON public.resources_website_contact USING btree (website_id);


--
-- Name: resources_website_image_website_id_a929606f; Type: INDEX; Schema: public; Owner: deploy
--

CREATE INDEX resources_website_image_website_id_a929606f ON public.resources_website_image USING btree (website_id);


--
-- Name: resources_website_path_9c9354ca_like; Type: INDEX; Schema: public; Owner: deploy
--

CREATE INDEX resources_website_path_9c9354ca_like ON public.resources_website USING btree (path varchar_pattern_ops);


--
-- Name: resources_website_url_website_id_a03b102d; Type: INDEX; Schema: public; Owner: deploy
--

CREATE INDEX resources_website_url_website_id_a03b102d ON public.resources_website_url USING btree (website_id);


--
-- Name: auth_group_permissions auth_group_permissio_permission_id_84c5c92e_fk_auth_perm; Type: FK CONSTRAINT; Schema: public; Owner: deploy
--

ALTER TABLE ONLY public.auth_group_permissions
    ADD CONSTRAINT auth_group_permissio_permission_id_84c5c92e_fk_auth_perm FOREIGN KEY (permission_id) REFERENCES public.auth_permission(id) DEFERRABLE INITIALLY DEFERRED;


--
-- Name: auth_group_permissions auth_group_permissions_group_id_b120cbf9_fk_auth_group_id; Type: FK CONSTRAINT; Schema: public; Owner: deploy
--

ALTER TABLE ONLY public.auth_group_permissions
    ADD CONSTRAINT auth_group_permissions_group_id_b120cbf9_fk_auth_group_id FOREIGN KEY (group_id) REFERENCES public.auth_group(id) DEFERRABLE INITIALLY DEFERRED;


--
-- Name: auth_permission auth_permission_content_type_id_2f476e4b_fk_django_co; Type: FK CONSTRAINT; Schema: public; Owner: deploy
--

ALTER TABLE ONLY public.auth_permission
    ADD CONSTRAINT auth_permission_content_type_id_2f476e4b_fk_django_co FOREIGN KEY (content_type_id) REFERENCES public.django_content_type(id) DEFERRABLE INITIALLY DEFERRED;


--
-- Name: auth_user_groups auth_user_groups_group_id_97559544_fk_auth_group_id; Type: FK CONSTRAINT; Schema: public; Owner: deploy
--

ALTER TABLE ONLY public.auth_user_groups
    ADD CONSTRAINT auth_user_groups_group_id_97559544_fk_auth_group_id FOREIGN KEY (group_id) REFERENCES public.auth_group(id) DEFERRABLE INITIALLY DEFERRED;


--
-- Name: auth_user_groups auth_user_groups_user_id_6a12ed8b_fk_auth_user_id; Type: FK CONSTRAINT; Schema: public; Owner: deploy
--

ALTER TABLE ONLY public.auth_user_groups
    ADD CONSTRAINT auth_user_groups_user_id_6a12ed8b_fk_auth_user_id FOREIGN KEY (user_id) REFERENCES public.auth_user(id) DEFERRABLE INITIALLY DEFERRED;


--
-- Name: auth_user_user_permissions auth_user_user_permi_permission_id_1fbb5f2c_fk_auth_perm; Type: FK CONSTRAINT; Schema: public; Owner: deploy
--

ALTER TABLE ONLY public.auth_user_user_permissions
    ADD CONSTRAINT auth_user_user_permi_permission_id_1fbb5f2c_fk_auth_perm FOREIGN KEY (permission_id) REFERENCES public.auth_permission(id) DEFERRABLE INITIALLY DEFERRED;


--
-- Name: auth_user_user_permissions auth_user_user_permissions_user_id_a95ead1b_fk_auth_user_id; Type: FK CONSTRAINT; Schema: public; Owner: deploy
--

ALTER TABLE ONLY public.auth_user_user_permissions
    ADD CONSTRAINT auth_user_user_permissions_user_id_a95ead1b_fk_auth_user_id FOREIGN KEY (user_id) REFERENCES public.auth_user(id) DEFERRABLE INITIALLY DEFERRED;


--
-- Name: django_admin_log django_admin_log_content_type_id_c4bce8eb_fk_django_co; Type: FK CONSTRAINT; Schema: public; Owner: deploy
--

ALTER TABLE ONLY public.django_admin_log
    ADD CONSTRAINT django_admin_log_content_type_id_c4bce8eb_fk_django_co FOREIGN KEY (content_type_id) REFERENCES public.django_content_type(id) DEFERRABLE INITIALLY DEFERRED;


--
-- Name: django_admin_log django_admin_log_user_id_c564eba6_fk_auth_user_id; Type: FK CONSTRAINT; Schema: public; Owner: deploy
--

ALTER TABLE ONLY public.django_admin_log
    ADD CONSTRAINT django_admin_log_user_id_c564eba6_fk_auth_user_id FOREIGN KEY (user_id) REFERENCES public.auth_user(id) DEFERRABLE INITIALLY DEFERRED;


--
-- Name: extensions_profile extensions_profile_user_id_8d1f435b_fk_auth_user_id; Type: FK CONSTRAINT; Schema: public; Owner: deploy
--

ALTER TABLE ONLY public.extensions_profile
    ADD CONSTRAINT extensions_profile_user_id_8d1f435b_fk_auth_user_id FOREIGN KEY (user_id) REFERENCES public.auth_user(id) DEFERRABLE INITIALLY DEFERRED;


--
-- Name: resources_positive_review feedback_positive_re_branch_id_84afbf9e_fk_resources; Type: FK CONSTRAINT; Schema: public; Owner: deploy
--

ALTER TABLE ONLY public.resources_positive_review
    ADD CONSTRAINT feedback_positive_re_branch_id_84afbf9e_fk_resources FOREIGN KEY (branch_id) REFERENCES public.resources_branch(id) DEFERRABLE INITIALLY DEFERRED;


--
-- Name: resources_positive_review feedback_positive_re_company_id_4a861f46_fk_resources; Type: FK CONSTRAINT; Schema: public; Owner: deploy
--

ALTER TABLE ONLY public.resources_positive_review
    ADD CONSTRAINT feedback_positive_re_company_id_4a861f46_fk_resources FOREIGN KEY (company_id) REFERENCES public.resources_company(id) DEFERRABLE INITIALLY DEFERRED;


--
-- Name: resources_branch resources_branch_company_id_0ee64147_fk_resources_company_id; Type: FK CONSTRAINT; Schema: public; Owner: deploy
--

ALTER TABLE ONLY public.resources_branch
    ADD CONSTRAINT resources_branch_company_id_0ee64147_fk_resources_company_id FOREIGN KEY (company_id) REFERENCES public.resources_company(id) DEFERRABLE INITIALLY DEFERRED;


--
-- Name: resources_company_users resources_company_us_company_id_96cad353_fk_resources; Type: FK CONSTRAINT; Schema: public; Owner: deploy
--

ALTER TABLE ONLY public.resources_company_users
    ADD CONSTRAINT resources_company_us_company_id_96cad353_fk_resources FOREIGN KEY (company_id) REFERENCES public.resources_company(id) DEFERRABLE INITIALLY DEFERRED;


--
-- Name: resources_company_users resources_company_user_user_id_b69b25f9_fk_auth_user_id; Type: FK CONSTRAINT; Schema: public; Owner: deploy
--

ALTER TABLE ONLY public.resources_company_users
    ADD CONSTRAINT resources_company_user_user_id_b69b25f9_fk_auth_user_id FOREIGN KEY (user_id) REFERENCES public.auth_user(id) DEFERRABLE INITIALLY DEFERRED;


--
-- Name: resources_negative_message resources_negative_m_branch_id_772d6205_fk_resources; Type: FK CONSTRAINT; Schema: public; Owner: deploy
--

ALTER TABLE ONLY public.resources_negative_message
    ADD CONSTRAINT resources_negative_m_branch_id_772d6205_fk_resources FOREIGN KEY (branch_id) REFERENCES public.resources_branch(id) DEFERRABLE INITIALLY DEFERRED;


--
-- Name: resources_negative_message resources_negative_m_company_id_e341bf92_fk_resources; Type: FK CONSTRAINT; Schema: public; Owner: deploy
--

ALTER TABLE ONLY public.resources_negative_message
    ADD CONSTRAINT resources_negative_m_company_id_e341bf92_fk_resources FOREIGN KEY (company_id) REFERENCES public.resources_company(id) DEFERRABLE INITIALLY DEFERRED;


--
-- Name: resources_negative_message_negative_message_tag resources_negative_m_negativemessage_id_0224dd27_fk_resources; Type: FK CONSTRAINT; Schema: public; Owner: deploy
--

ALTER TABLE ONLY public.resources_negative_message_negative_message_tag
    ADD CONSTRAINT resources_negative_m_negativemessage_id_0224dd27_fk_resources FOREIGN KEY (negativemessage_id) REFERENCES public.resources_negative_message(id) DEFERRABLE INITIALLY DEFERRED;


--
-- Name: resources_negative_message_negative_message_tag resources_negative_m_negativemessagetag_i_15e2ae79_fk_resources; Type: FK CONSTRAINT; Schema: public; Owner: deploy
--

ALTER TABLE ONLY public.resources_negative_message_negative_message_tag
    ADD CONSTRAINT resources_negative_m_negativemessagetag_i_15e2ae79_fk_resources FOREIGN KEY (negativemessagetag_id) REFERENCES public.resources_negative_message_tag(id) DEFERRABLE INITIALLY DEFERRED;


--
-- Name: resources_negative_review resources_negative_r_branch_id_b4302365_fk_resources; Type: FK CONSTRAINT; Schema: public; Owner: deploy
--

ALTER TABLE ONLY public.resources_negative_review
    ADD CONSTRAINT resources_negative_r_branch_id_b4302365_fk_resources FOREIGN KEY (branch_id) REFERENCES public.resources_branch(id) DEFERRABLE INITIALLY DEFERRED;


--
-- Name: resources_negative_review resources_negative_r_company_id_ff10a7ac_fk_resources; Type: FK CONSTRAINT; Schema: public; Owner: deploy
--

ALTER TABLE ONLY public.resources_negative_review
    ADD CONSTRAINT resources_negative_r_company_id_ff10a7ac_fk_resources FOREIGN KEY (company_id) REFERENCES public.resources_company(id) DEFERRABLE INITIALLY DEFERRED;


--
-- Name: resources_notification resources_notificati_company_id_fa77b1c8_fk_resources; Type: FK CONSTRAINT; Schema: public; Owner: deploy
--

ALTER TABLE ONLY public.resources_notification
    ADD CONSTRAINT resources_notificati_company_id_fa77b1c8_fk_resources FOREIGN KEY (company_id) REFERENCES public.resources_company(id) DEFERRABLE INITIALLY DEFERRED;


--
-- Name: resources_notification resources_notificati_negative_message_id_4ef1737d_fk_resources; Type: FK CONSTRAINT; Schema: public; Owner: deploy
--

ALTER TABLE ONLY public.resources_notification
    ADD CONSTRAINT resources_notificati_negative_message_id_4ef1737d_fk_resources FOREIGN KEY (negative_message_id) REFERENCES public.resources_negative_message(id) DEFERRABLE INITIALLY DEFERRED;


--
-- Name: resources_website resources_website_branch_id_8d79a2b7_fk_resources_branch_id; Type: FK CONSTRAINT; Schema: public; Owner: deploy
--

ALTER TABLE ONLY public.resources_website
    ADD CONSTRAINT resources_website_branch_id_8d79a2b7_fk_resources_branch_id FOREIGN KEY (branch_id) REFERENCES public.resources_branch(id) DEFERRABLE INITIALLY DEFERRED;


--
-- Name: resources_website_card resources_website_ca_website_id_74db1f74_fk_resources; Type: FK CONSTRAINT; Schema: public; Owner: deploy
--

ALTER TABLE ONLY public.resources_website_card
    ADD CONSTRAINT resources_website_ca_website_id_74db1f74_fk_resources FOREIGN KEY (website_id) REFERENCES public.resources_website(id) DEFERRABLE INITIALLY DEFERRED;


--
-- Name: resources_website_contact resources_website_co_website_id_9ae52dbc_fk_resources; Type: FK CONSTRAINT; Schema: public; Owner: deploy
--

ALTER TABLE ONLY public.resources_website_contact
    ADD CONSTRAINT resources_website_co_website_id_9ae52dbc_fk_resources FOREIGN KEY (website_id) REFERENCES public.resources_website(id) DEFERRABLE INITIALLY DEFERRED;


--
-- Name: resources_website resources_website_company_id_2522b673_fk_resources_company_id; Type: FK CONSTRAINT; Schema: public; Owner: deploy
--

ALTER TABLE ONLY public.resources_website
    ADD CONSTRAINT resources_website_company_id_2522b673_fk_resources_company_id FOREIGN KEY (company_id) REFERENCES public.resources_company(id) DEFERRABLE INITIALLY DEFERRED;


--
-- Name: resources_website_image resources_website_im_website_id_a929606f_fk_resources; Type: FK CONSTRAINT; Schema: public; Owner: deploy
--

ALTER TABLE ONLY public.resources_website_image
    ADD CONSTRAINT resources_website_im_website_id_a929606f_fk_resources FOREIGN KEY (website_id) REFERENCES public.resources_website(id) DEFERRABLE INITIALLY DEFERRED;


--
-- Name: resources_website_url resources_website_ur_website_id_a03b102d_fk_resources; Type: FK CONSTRAINT; Schema: public; Owner: deploy
--

ALTER TABLE ONLY public.resources_website_url
    ADD CONSTRAINT resources_website_ur_website_id_a03b102d_fk_resources FOREIGN KEY (website_id) REFERENCES public.resources_website(id) DEFERRABLE INITIALLY DEFERRED;


--
-- PostgreSQL database dump complete
--

